Year,Order,Player,Club,Nationality,Points
1956,1,Stanley Matthews,Blackpool,England,47.0
1956,2,Alfredo Di Stéfano,Real Madrid,Spain,44.0
1956,3,Raymond Kopa,Reims /  Real Madrid,France,33.0
1956,4,Ferenc Puskás,Budapest Honvéd,Hungary,32.0
1956,5,Lev Yashin,Dynamo Moscow,Soviet Union,19.0
1956,6,József Bozsik,Budapest Honvéd,Hungary,15.0
1956,7,Ernst Ocwirk,Austria Wien / Sampdoria,Austria,9.0
1956,8,Sándor Kocsis,Budapest Honvéd,Hungary,6.0
1956,9,Thadée Cisowski,RC Paris,France,4.0
1956,9,Ivan Kolev,CDNA Sofia,Bulgaria,4.0
1956,9,Billy Wright,Wolverhampton Wanderers,England,4.0
1956,12,Júlio Botelho,Fiorentina,Italy,3.0
1956,13,Stefan Bozhkov,CDNA Sofia,Bulgaria,2.0
1956,13,Duncan Edwards,Manchester United,England,2.0
1956,13,Gerhard Hanappi,Rapid Wien,Austria,2.0
1956,13,Robert Jonquet,Reims,France,2.0
1956,13,Miguel Montuori,Fiorentina,Italy,2.0
1956,13,Pepillo,Sevilla,Spain,2.0
1956,13,Juan Alberto Schiaffino,Milan,Italy,2.0
1956,13,Eduard Streltsov,Torpedo Moscow,Soviet Union,2.0
1956,21,Marcelino Campanal,Sevilla,Spain,1.0
1956,21,Břetislav Dolejší,Dukla Prague,Czechoslovakia,1.0
1956,21,Roger Piantoni,FC Nancy,France,1.0
1956,21,Kees Rijvers,Saint-Étienne,Netherlands,1.0
1957,1,Alfredo Di Stéfano,Real Madrid,Spain,72.0
1957,2,Billy Wright,Wolverhampton Wanderers,England,19.0
1957,3,Duncan Edwards,Manchester United,England,16.0
1957,3,Raymond Kopa,Real Madrid,France,16.0
1957,5,László Kubala,Barcelona,Hungary,15.0
1957,6,John Charles,Leeds United / Juventus,Wales,14.0
1957,7,Eduard Streltsov,Torpedo Moscow,Soviet Union,12.0
1957,8,Tommy Taylor,Manchester United,England,10.0
1957,9,József Bozsik,Budapest Honvéd,Hungary,9.0
1957,9,Igor Netto,Spartak Moscow,Soviet Union,9.0
1957,11,Lev Yashin,Dynamo Moscow,Soviet Union,8.0
1957,12,Francisco Gento,Real Madrid,Spain,7.0
1957,12,Gyula Grosics,Budapest Honvéd / Tatabánya,Hungary,7.0
1957,14,Danny Blanchflower,Tottenham Hotspur,Northern Ireland,4.0
1957,14,Miloš Milutinović,Partizan,Yugoslavia,4.0
1957,14,Juan Alberto Schiaffino,Milan,Italy,4.0
1957,17,Gerhard Hanappi,Rapid Wien,Austria,3.0
1957,17,Johnny Haynes,Fulham,England,3.0
1957,17,Stanley Matthews,Blackpool,England,3.0
1957,20,Sándor Kocsis,Young Fellows Zürich,Hungary,2.0
1957,20,Horst Szymaniak,Wuppertaler SV,West Germany,2.0
1957,22,Kurt Hamrin,Padova,Sweden,1.0
1957,22,Ladislav Novák,Dukla Prague,Czechoslovakia,1.0
1958,1,Raymond Kopa,Real Madrid,France,71.0
1958,2,Helmut Rahn,Rot-Weiss Essen,West Germany,40.0
1958,3,Just Fontaine,Reims,France,23.0
1958,4,John Charles,Juventus,Wales,15.0
1958,4,Kurt Hamrin,Padova / Fiorentina,Sweden,15.0
1958,6,Billy Wright,Wolverhampton Wanderers,England,9.0
1958,7,Johnny Haynes,Fulham,England,7.0
1958,8,Harry Gregg,Manchester United,Northern Ireland,6.0
1958,8,Nils Liedholm,Milan,Sweden,6.0
1958,8,Horst Szymaniak,Wuppertaler SV,West Germany,6.0
1958,11,Colin McDonald,Burnley,England,5.0
1958,12,Francisco Gento,Real Madrid,Spain,4.0
1958,12,Gunnar Gren,Örgryte IS,Sweden,4.0
1958,14,Vujadin Boškov,Vojvodina,Yugoslavia,3.0
1958,14,Bengt Gustavsson,Atalanta,Sweden,3.0
1958,14,Valentin Ivanov,Torpedo Moskva,Soviet Union,3.0
1958,14,Luis Suárez,Barcelona,Spain,3.0
1958,14,Lev Yashin,Dynamo Moscow,Soviet Union,3.0
1958,19,Orvar Bergmark,Örebro SK,Sweden,2.0
1958,19,Danny Blanchflower,Tottenham Hotspur,Northern Ireland,2.0
1958,19,Ivan Kolev,CDNA Sofia,Bulgaria,2.0
1958,19,Bruno Nicolè,Juventus,Italy,2.0
1958,19,Ladislav Novák,Dukla Prague,Czechoslovakia,2.0
1958,19,Lennart Skoglund,Internazionale,Sweden,2.0
1958,25,Giampiero Boniperti,Juventus,Italy,1.0
1958,25,Gerhard Hanappi,Rapid Wien,Austria,1.0
1959,1,Alfredo Di Stéfano,Real Madrid,Spain,80.0
1959,2,Raymond Kopa,Real Madrid / Reims,France,42.0
1959,3,John Charles,Juventus,Wales,24.0
1959,4,Luis Suárez,Barcelona,Spain,22.0
1959,5,Agne Simonsson,Örgryte IS,Sweden,20.0
1959,6,Lajos Tichy,Budapest Honvéd,Hungary,18.0
1959,7,Ferenc Puskás,Real Madrid,Hungary,16.0
1959,8,Francisco Gento,Real Madrid,Spain,12.0
1959,9,Helmut Rahn,Rot-Weiss Essen /  1. FC Köln,West Germany,11.0
1959,10,Horst Szymaniak,Wuppertaler SV / Karlsruher SC,West Germany,8.0
1959,11,Lev Yashin,Dynamo Moscow,Soviet Union,7.0
1959,12,Yuriy Voynov,Dynamo Kyiv,Soviet Union,5.0
1959,13,Dezső Bundzsák,Vasas,Hungary,4.0
1959,13,Gyula Grosics,Tatabánya,Hungary,4.0
1959,13,Ivan Kolev,CDNA Sofia,Bulgaria,4.0
1959,13,Nils Liedholm,Milan,Sweden,4.0
1959,17,Titus Buberník,ČH Bratislava,Czechoslovakia,3.0
1959,17,Just Fontaine,Reims,France,3.0
1959,17,Georgi Naydenov,CDNA Sofia,Bulgaria,3.0
1959,20,Flórián Albert,Ferencváros,Hungary,2.0
1959,20,Uwe Seeler,Hamburger SV,West Germany,2.0
1959,20,Joan Segarra,Barcelona,Spain,2.0
1959,23,János Göröcs,Újpest,Hungary,1.0
1959,23,Ken Jones,Scunthorpe United,Wales,1.0
1959,23,Roger Marche,RC Paris,France,1.0
1959,23,Antoni Ramallets,Barcelona,Spain,1.0
1960,1,Luis Suárez,FC Barcelona,Spain,54.0
1960,2,Ferenc Puskás,Real Madrid,Hungary,37.0
1960,3,Uwe Seeler,Hamburger SV,West Germany,33.0
1960,4,Alfredo Di Stéfano,Real Madrid,Spain,32.0
1960,5,Lev Yashin,Dynamo Moscow,Soviet Union,28.0
1960,6,Raymond Kopa,Reims,France,14.0
1960,7,John Charles,Juventus,Wales,11.0
1960,7,Bobby Charlton,Manchester United,England,11.0
1960,9,Omar Sívori,Juventus,Italy,9.0
1960,9,Horst Szymaniak,Karlsruher SC,West Germany,9.0
1960,11,Francisco Gento,Real Madrid,Spain,8.0
1960,12,Borivoje Kostić,Red Star Belgrade,Yugoslavia,7.0
1960,13,Joseph Ujlaki,RC Paris,France,5.0
1960,14,Kurt Hamrin,Fiorentina,Sweden,4.0
1960,14,Bobby Smith,Tottenham Hotspur,England,4.0
1960,16,Luis del Sol,Real Betis /  Real Madrid,Spain,3.0
1960,16,Jimmy Greaves,Chelsea,England,3.0
1960,16,Ivan Kolev,CDNA Sofia,Bulgaria,3.0
1960,19,János Göröcs,Újpest,Hungary,2.0
1960,19,Károly Sándor,MTK Budapest,Hungary,2.0
1960,19,Dragoslav Šekularac,Red Star Belgrade,Yugoslavia,2.0
1960,19,Agne Simonsson,Örgryte IS /  Real Madrid,Sweden,2.0
1960,23,Antonio Angelillo,Internazionale,Italy,1.0
1960,23,Gerhard Hanappi,Rapid Wien,Austria,1.0
1960,23,Erich Hof,Wiener SC,Austria,1.0
1960,23,Blagoje Vidinić,Radnički Belgrade,Yugoslavia,1.0
1961,1,Omar Sívori,Juventus,Italy,46.0
1961,2,Luis Suárez,Barcelona / Internazionale,Spain,40.0
1961,3,Johnny Haynes,Fulham,England,22.0
1961,4,Lev Yashin,Dynamo Moscow,Soviet Union,21.0
1961,5,Ferenc Puskás,Real Madrid,Hungary,16.0
1961,6,Alfredo Di Stéfano,Real Madrid,Spain,13.0
1961,6,Uwe Seeler,Hamburger SV,West Germany,13.0
1961,8,John Charles,Juventus,Wales,10.0
1961,9,Francisco Gento,Real Madrid,Spain,8.0
1961,10,José Águas,Benfica,Portugal,5.0
1961,10,Bobby Charlton,Manchester United,England,5.0
1961,10,Gyula Grosics,Tatabánya,Hungary,5.0
1961,10,Gerhard Hanappi,Rapid Wien,Austria,5.0
1961,10,Josef Masopust,Dukla Prague,Czechoslovakia,5.0
1961,10,José Santamaría,Real Madrid,Spain,5.0
1961,10,Dragoslav Šekularac,Red Star Belgrade,Yugoslavia,5.0
1961,17,Danny Blanchflower,Tottenham Hotspur,Northern Ireland,4.0
1961,17,Germano,Benfica,Portugal,4.0
1961,17,Kurt Hamrin,Fiorentina,Sweden,4.0
1961,17,Mikheil Meskhi,Dinamo Tbilisi,Soviet Union,4.0
1961,17,Viktor Ponedelnik,SKA Rostov-on-Don,Soviet Union,4.0
1961,17,Horst Szymaniak,Karlsruher SC / Catania,West Germany,4.0
1961,23,José Augusto,Benfica,Portugal,3.0
1961,23,Denis Law,Manchester City,Scotland,3.0
1961,23,Denis Law,Torino,Scotland,3.0
1961,23,Slava Metreveli,Torpedo Moscow,Soviet Union,3.0
1961,23,Max Morlock,1. FC Nürnberg,West Germany,3.0
1961,23,Horst Nemec,Austria Wien,Austria,3.0
1961,29,Pierre Bernard,Sedan / Nîmes,France,2.0
1961,29,Gert Dörfel,Hamburger SV,West Germany,2.0
1961,29,Norbert Eschmann,Stade Français,Switzerland,2.0
1961,29,Jimmy Greaves,Chelsea / Milan /  Tottenham Hotspur,England,2.0
1961,29,Lucien Muller,Reims,France,2.0
1961,29,Costa Pereira,Benfica,Portugal,2.0
1961,29,Lajos Tichy,Budapest Honvéd,Hungary,2.0
1961,36,Charles Antenen,La Chaux-de-Fonds,Switzerland,1.0
1961,36,Mário Coluna,Benfica,Portugal,1.0
1961,36,Eusébio,Benfica,Portugal,1.0
1961,36,Gernot Fraydl,Austria Wien,Austria,1.0
1961,36,Karl Koller,First Vienna,Austria,1.0
1961,36,Rudolf Kučera,Dukla Prague,Czechoslovakia,1.0
1961,36,Dumitru Macri,Rapid București,Romania,1.0
1961,36,Jimmy McIlroy,Burnley,Northern Ireland,1.0
1961,36,Karl Stotz,Austria Wien,Austria,1.0
1962,1,Josef Masopust,Dukla Prague,Czechoslovakia,65.0
1962,2,Eusébio,Benfica,Portugal,53.0
1962,3,Karl-Heinz Schnellinger,1. FC Köln,West Germany,33.0
1962,4,Dragoslav Šekularac,Red Star Belgrade,Yugoslavia,26.0
1962,5,Jef Jurion,Anderlecht,Belgium,15.0
1962,6,Gianni Rivera,Milan,Italy,14.0
1962,7,Jimmy Greaves,Tottenham Hotspur,England,11.0
1962,8,John Charles,Juventus /  Leeds United / Roma,Wales,10.0
1962,8,Milan Galić,Partizan,Yugoslavia,10.0
1962,10,János Göröcs,Újpest,Hungary,6.0
1962,11,José Águas,Benfica,Portugal,4.0
1962,11,Raymond Kopa,Reims,France,4.0
1962,11,Denis Law,Torino /  Manchester United,Scotland,4.0
1962,11,Omar Sívori,Juventus,Argentina,4.0
1962,15,Luis Del Sol,Real Madrid / Juventus,Spain,3.0
1962,15,Andrej Kvašňák,Sparta Prague,Czechoslovakia,3.0
1962,15,André Lerond,Stade Français,France,3.0
1962,15,Luis Suárez,Internazionale,Spain,3.0
1962,19,Flórián Albert,Ferencváros,Hungary,2.0
1962,19,Kurt Hamrin,Fiorentina,Sweden,2.0
1962,19,Horst Nemec,Austria Wien,Austria,2.0
1962,19,Joaquín Peiró,Atlético Madrid / Torino,Spain,2.0
1962,19,Viliam Schrojf,Slovan Bratislava,Czechoslovakia,2.0
1962,19,Ernő Solymosi,Újpest,Hungary,2.0
1962,25,Francisco Gento,Real Madrid,Spain,1.0
1962,25,Ezio Pascutti,Bologna,Italy,1.0
1962,25,Lajos Tichy,Budapest Honvéd,Hungary,1.0
1963,1,Lev Yashin,Dynamo Moscow,Soviet Union,73.0
1963,2,Gianni Rivera,Milan,Italy,55.0
1963,3,Jimmy Greaves,Tottenham Hotspur,England,50.0
1963,4,Denis Law,Manchester United,Scotland,45.0
1963,5,Eusébio,Benfica,Portugal,19.0
1963,6,Karl-Heinz Schnellinger,1. FC Köln / Mantova,West Germany,16.0
1963,7,Uwe Seeler,Hamburger SV,West Germany,9.0
1963,8,Bobby Charlton,Manchester United,England,5.0
1963,8,Luis Suárez,Inter Milan,Spain,5.0
1963,8,Giovanni Trapattoni,Milan,Italy,5.0
1963,11,José Altafini,Milan,Brazil,4.0
1963,11,Paul Van Himst,Anderlecht,Belgium,4.0
1963,13,Flórián Albert,Ferencváros,Hungary,3.0
1963,13,Harry Bild,IFK Norrköping,Sweden,3.0
1963,13,Josef Masopust,Dukla Prague,Czechoslovakia,3.0
1963,13,Omar Sívori,Juventus,Argentina,3.0
1963,17,Robert Herbin,Saint-Étienne,France,2.0
1963,17,Jef Jurion,Anderlecht,Belgium,2.0
1963,17,Cesare Maldini,Milan,Italy,2.0
1963,17,Károly Sándor,MTK Budapest,Hungary,2.0
1963,21,Mário Coluna,Benfica,Portugal,1.0
1963,21,Ake Johansson,IFK Norrköping,Sweden,1.0
1963,21,Manfred Kaiser,Wismut Aue,East Germany,1.0
1963,21,Metin Oktay,Galatasaray,Turkey,1.0
1963,21,Svatopluk Pluskal,Dukla Prague,Czechoslovakia,1.0
1964,1,Denis Law,Manchester United,Scotland,61.0
1964,2,Luis Suárez,Internazionale,Spain,43.0
1964,3,Amancio,Real Madrid,Spain,38.0
1964,4,Eusébio,Benfica,Portugal,31.0
1964,5,Paul Van Himst,Anderlecht,Belgium,28.0
1964,6,Jimmy Greaves,Tottenham Hotspur,England,19.0
1964,7,Mario Corso,Internazionale,Italy,17.0
1964,8,Lev Yashin,Dynamo Moscow,Soviet Union,15.0
1964,9,Gianni Rivera,Milan,Italy,14.0
1964,10,Valery Voronin,Torpedo Moscow,Soviet Union,11.0
1964,11,Ferenc Bene,Újpest,Hungary,6.0
1964,11,Karl-Heinz Schnellinger,Mantova / Roma,West Germany,6.0
1964,13,Jean Nicolay,Standard Liège,Belgium,5.0
1964,14,Helmut Haller,Bologna,West Germany,4.0
1964,15,José Torres,Benfica,Portugal,3.0
1964,16,Flórián Albert,Ferencváros,Hungary,2.0
1964,16,José Altafini,Milan,Italy,2.0
1964,16,Coen Moulijn,Feyenoord,Netherlands,2.0
1964,19,Néstor Combin,Lyon / Juventus,France,1.0
1964,19,Giacinto Facchetti,Internazionale,Italy,1.0
1964,19,Ole Madsen,HIK,Denmark,1.0
1964,19,Sandro Mazzola,Internazionale,Italy,1.0
1964,19,Bobby Moore,West Ham United,England,1.0
1964,19,Jef Jurion,Anderlecht,Belgium,1.0
1964,19,Omar Sívori,Juventus,Italy,1.0
1964,19,Klaus Urbanczyk,Chemie Halle,East Germany,1.0
1965,1,Eusébio,Benfica,Portugal,67.0
1965,2,Giacinto Facchetti,Internazionale,Italy,59.0
1965,3,Luis Suárez,Internazionale,Spain,45.0
1965,4,Paul Van Himst,Anderlecht,Belgium,25.0
1965,5,Bobby Charlton,Manchester United,England,19.0
1965,6,Flórián Albert,Ferencváros,Hungary,14.0
1965,7,Gianni Rivera,Milan,Italy,10.0
1965,8,Georgi Asparuhov,Levski Sofia,Bulgaria,9.0
1965,8,Sandro Mazzola,Internazionale,Italy,9.0
1965,8,Valery Voronin,Torpedo Moskva,Soviet Union,9.0
1965,11,Denis Law,Manchester United,Scotland,8.0
1965,12,Karl-Heinz Schnellinger,Roma / Milan,West Germany,6.0
1965,13,Jim Baxter,Rangers / Sunderland,Scotland,5.0
1965,13,Ferenc Puskás,Real Madrid,Spain,5.0
1965,15,Mario Corso,Internazionale,Italy,3.0
1965,15,Lev Yashin,Dynamo Moscow,Soviet Union,3.0
1965,17,Amancio,Real Madrid,Spain,2.0
1965,17,Franz Beckenbauer,Bayern Munich,West Germany,2.0
1965,17,Ferenc Bene,Újpest,Hungary,2.0
1965,17,Mário Coluna,Benfica,Portugal,2.0
1965,17,Milan Galić,Partizan,Yugoslavia,2.0
1965,17,Philippe Gondet,Nantes,France,2.0
1965,17,Andrej Kvašňák,Sparta Prague,Czechoslovakia,2.0
1965,17,Slava Metreveli,Dinamo Tbilisi,Soviet Union,2.0
1965,25,Ivor Allchurch,Cardiff City /  Swansea Town,Wales,1.0
1965,25,Sigfried Held,Kickers Offenbach /  Borussia Dortmund,West Germany,1.0
1965,25,Köbi Kuhn,Zürich,Switzerland,1.0
1966,1,Bobby Charlton,Manchester United,England,81.0
1966,2,Eusébio,Benfica,Portugal,80.0
1966,3,Franz Beckenbauer,Bayern Munich,West Germany,59.0
1966,4,Bobby Moore,West Ham United,England,31.0
1966,5,Flórián Albert,Ferencváros,Hungary,23.0
1966,6,Ferenc Bene,Újpest,Hungary,8.0
1966,7,Lev Yashin,Dynamo Moscow,Soviet Union,6.0
1966,7,Alan Ball,Blackpool / Everton,England,6.0
1966,7,János Farkas,Vasas,Hungary,6.0
1966,10,José Torres,Benfica,Portugal,5.0
1966,11,Mario Corso,Internazionale,Italy,4.0
1966,11,Valery Voronin,Torpedo Moscow,Soviet Union,4.0
1966,13,Mário Coluna,Benfica,Portugal,3.0
1966,14,Georgi Asparuhov,Levski Sofia,Bulgaria,2.0
1966,14,Gordon Banks,Leicester City,England,2.0
1966,14,Geoff Hurst,West Ham United,England,2.0
1966,14,Sandro Mazzola,Internazionale,Italy,2.0
1966,18,Igor Chislenko,Dynamo Moscow,Soviet Union,1.0
1966,18,Tony Dunne,Manchester United,Ireland,1.0
1966,18,Helmut Haller,Bologna,West Germany,1.0
1966,18,Denis Law,Manchester United,Scotland,1.0
1966,18,Willi Schulz,Hamburger SV,West Germany,1.0
1966,18,Paul Van Himst,Anderlecht,Belgium,1.0
1967,1,Flórián Albert,Ferencváros,Hungary,68.0
1967,2,Bobby Charlton,Manchester United,England,40.0
1967,3,Jimmy Johnstone,Celtic,Scotland,39.0
1967,4,Franz Beckenbauer,Bayern Munich,West Germany,37.0
1967,5,Eusébio,Benfica,Portugal,26.0
1967,6,Tommy Gemmell,Celtic,Scotland,21.0
1967,7,Gerd Müller,Bayern Munich,West Germany,19.0
1967,8,George Best,Manchester United,Northern Ireland,18.0
1967,9,Igor Chislenko,Dynamo Moscow,Soviet Union,9.0
1967,10,János Farkas,Vasas,Hungary,8.0
1967,10,Sandro Mazzola,Internazionale,Italy,8.0
1967,10,Pirri,Real Madrid,Spain,8.0
1967,13,Gigi Riva,Cagliari,Italy,6.0
1967,13,Eduard Streltsov,Torpedo Moscow,Soviet Union,6.0
1967,15,Anatoliy Byshovets,Dynamo Kyiv,Soviet Union,5.0
1967,16,Alan Ball,Everton,England,4.0
1967,16,Helmut Haller,Bologna,West Germany,4.0
1967,16,Włodzimierz Lubański,Górnik Zabrze,Poland,4.0
1967,16,Gianni Rivera,Milan,Italy,4.0
1967,20,Zvezdan Čebinac,PSV Eindhoven / 1. FC Nürnberg,Yugoslavia,3.0
1967,20,Giacinto Facchetti,Internazionale,Italy,3.0
1967,20,Geoff Hurst,West Ham United,England,3.0
1967,20,Wolfgang Overath,1. FC Köln,West Germany,3.0
1967,20,Paul Van Himst,Anderlecht,Belgium,3.0
1967,25,Nikola Kotkov,Lokomotiv Sofia,Bulgaria,2.0
1967,25,Valery Voronin,Torpedo Moscow,Soviet Union,2.0
1967,27,José Augusto,Benfica,Portugal,1.0
1967,27,Johnny Bjerregaard,Rapid Wien,Denmark,1.0
1967,27,Néstor Combin,Torino,France,1.0
1967,27,Johan Cruyff,Ajax,Netherlands,1.0
1967,27,Pedro de Felipe,Real Madrid,Spain,1.0
1967,27,Louis Pilot,Standard Liège,Luxembourg,1.0
1967,27,Ove Kindvall,Feyenoord,Sweden,1.0
1967,27,Zygfryd Szołtysik,Górnik Zabrze,Poland,1.0
1968,1,George Best,Manchester United,Northern Ireland,61.0
1968,2,Bobby Charlton,Manchester United,England,53.0
1968,3,Dragan Džajić,Red Star Belgrade,Yugoslavia,46.0
1968,4,Franz Beckenbauer,Bayern Munich,West Germany,36.0
1968,5,Giacinto Facchetti,Internazionale,Italy,30.0
1968,6,Gigi Riva,Cagliari,Italy,22.0
1968,7,Amancio,Real Madrid,Spain,21.0
1968,8,Eusébio,Benfica,Portugal,15.0
1968,9,Gianni Rivera,Milan,Italy,13.0
1968,10,Jimmy Greaves,Tottenham Hotspur,England,8.0
1968,10,Pirri,Real Madrid,Spain,8.0
1968,12,Antal Dunai,Újpest,Hungary,7.0
1968,12,Willi Schulz,Hamburger SV,West Germany,7.0
1968,14,Georgi Asparuhov,Levski Sofia,Bulgaria,6.0
1968,14,Albert Shesternyov,CSKA Moscow,Soviet Union,6.0
1968,16,Ove Kindvall,Feyenoord,Sweden,5.0
1968,17,Flórián Albert,Ferencváros,Hungary,4.0
1968,17,Sandro Mazzola,Internazionale,Italy,4.0
1968,17,Lajos Szűcs,Ferencváros,Hungary,4.0
1968,20,Johan Cruyff,Ajax,Netherlands,3.0
1968,20,Gerd Müller,Bayern Munich,West Germany,3.0
1968,22,Jack Charlton,Leeds United,England,2.0
1968,22,Bobby Moore,West Ham United,England,2.0
1968,24,Alan Ball,Everton,England,1.0
1968,24,Ferenc Bene,Újpest,Hungary,1.0
1968,24,Angelo Domenghini,Internazionale,Italy,1.0
1968,24,Mirsad Fazlagić,Sarajevo,Yugoslavia,1.0
1968,24,Tommy Gemmell,Celtic,Scotland,1.0
1968,24,Jimmy Johnstone,Celtic,Scotland,1.0
1968,24,Murtaz Khurtsilava,Dinamo Tbilisi,Soviet Union,1.0
1968,24,Ivica Osim,Željezničar,Yugoslavia,1.0
1968,24,Louis Pilot,Standard Liège,Luxembourg,1.0
1969,1,Gianni Rivera,A.C. Milan,Italy,83.0
1969,2,Gigi Riva,Cagliari,Italy,79.0
1969,3,Gerd Müller,Bayern Munich,West Germany,38.0
1969,4,Johan Cruyff,Ajax,Netherlands,30.0
1969,4,Ove Kindvall,Feyenoord,Sweden,30.0
1969,6,George Best,Manchester United,Northern Ireland,21.0
1969,7,Franz Beckenbauer,Bayern Munich,West Germany,18.0
1969,8,Pierino Prati,Milan,Italy,17.0
1969,9,Petar Zhekov,CSKA Sofia,Bulgaria,14.0
1969,10,Jack Charlton,Leeds United,England,10.0
1969,11,Albert Shesternyov,CSKA Moscow,Soviet Union,8.0
1969,12,Dragan Džajić,Red Star Belgrade,Yugoslavia,6.0
1969,13,Francis Lee,Manchester City,England,4.0
1969,13,Martin Peters,West Ham United,England,4.0
1969,15,Jozef Adamec,Spartak Trnava,Czechoslovakia,3.0
1969,15,Bobby Charlton,Manchester United,England,3.0
1969,15,Angelo Sormani,Milan,Italy,3.0
1969,18,Ferenc Bene,Újpest,Hungary,2.0
1969,18,Andrej Kvašňák,KRC Mechelen,Czechoslovakia,2.0
1969,18,Louis Pilot,Standard Liège,Luxembourg,2.0
1969,18,Giorgos Sideris,Olympiacos,Greece,2.0
1969,18,Manuel Velázquez,Real Madrid,Spain,2.0
1969,23,Billy Bremner,Leeds United,Scotland,1.0
1969,23,Kazimierz Deyna,Legia Warsaw,Poland,1.0
1969,23,Mimis Domazos,Panathinaikos,Greece,1.0
1969,23,Gilbert Gress,VfB Stuttgart,France,1.0
1969,23,Jimmy Johnstone,Celtic,Scotland,1.0
1969,23,Włodzimierz Lubański,Górnik Zabrze,Poland,1.0
1969,23,Vladimir Muntyan,Dynamo Kyiv,Soviet Union,1.0
1969,23,Wilfried Van Moer,Standard Liège,Belgium,1.0
1969,23,Ivo Viktor,Dukla Prague,Czechoslovakia,1.0
1970,1,Gerd Müller,Bayern Munich,West Germany,77.0
1970,2,Bobby Moore,West Ham United,England,70.0
1970,3,Gigi Riva,Cagliari,Italy,65.0
1970,4,Franz Beckenbauer,Bayern Munich,West Germany,32.0
1970,5,Wolfgang Overath,1. FC Köln,West Germany,29.0
1970,6,Dragan Džajić,Red Star Belgrade,Yugoslavia,24.0
1970,7,Johan Cruyff,Ajax,Netherlands,13.0
1970,8,Gordon Banks,Stoke City,England,8.0
1970,8,Sandro Mazzola,Internazionale,Italy,8.0
1970,10,Rinus Israël,Feyenoord,Netherlands,7.0
1970,10,Gianni Rivera,Milan,Italy,7.0
1970,10,Uwe Seeler,Hamburger SV,West Germany,7.0
1970,10,Albert Shesternyov,CSKA Moscow,Soviet Union,7.0
1970,14,Angelo Domenghini,Cagliari,Italy,4.0
1970,14,Ove Kindvall,Feyenoord,Sweden,4.0
1970,14,Francis Lee,Manchester City,England,4.0
1970,14,Willem van Hanegem,Feyenoord,Netherlands,4.0
1970,18,Alan Ball,Everton,England,3.0
1970,18,Terry Cooper,Leeds United,England,3.0
1970,18,Giacinto Facchetti,Internazionale,Italy,3.0
1970,18,Geoff Hurst,West Ham United,England,3.0
1970,22,Eusébio,Benfica,Portugal,2.0
1970,22,Josip Skoblar,Marseille,Yugoslavia,2.0
1970,24,Cornel Dinu,Dinamo București,Romania,1.0
1970,24,Jean Djorkaeff,Paris Saint-Germain,France,1.0
1970,24,Florea Dumitrache,Dinamo București,Romania,1.0
1970,24,Franz Hasil,Feyenoord,Austria,1.0
1970,24,Hans-Jürgen Kreische,Dynamo Dresden,East Germany,1.0
1970,24,Carles Rexach,Barcelona,Spain,1.0
1971,1,Johan Cruyff,Ajax,Netherlands,116.0
1971,2,Sandro Mazzola,Internazionale,Italy,57.0
1971,3,George Best,Manchester United,Northern Ireland,56.0
1971,4,Günter Netzer,Borussia Mönchengladbach,West Germany,30.0
1971,5,Franz Beckenbauer,Bayern Munich,West Germany,27.0
1971,6,Gerd Müller,Bayern Munich,West Germany,18.0
1971,6,Josip Skoblar,Marseille,Yugoslavia,18.0
1971,8,Martin Chivers[notes 1],Tottenham Hotspur,England,12.0
1971,9,Piet Keizer,Ajax,Netherlands,9.0
1971,10,Bobby Moore,West Ham United,England,7.0
1971,10,Ferenc Bene,Újpest,Hungary,7.0
1971,12,Yevhen Rudakov,Dynamo Kyiv,Soviet Union,6.0
1971,13,Giacinto Facchetti,Internazionale,Italy,4.0
1971,13,Mimis Domazos,Panathinaikos,Greece,4.0
1971,15,Pirri,Real Madrid,Spain,3.0
1971,15,Dragan Džajić,Red Star Belgrade,Yugoslavia,3.0
1971,15,Berti Vogts,Borussia Mönchengladbach,West Germany,3.0
1971,18,Terry Cooper,Leeds United,England,2.0
1971,18,Francis Lee,Manchester City,England,2.0
1971,18,Wolfgang Overath,1. FC Köln,West Germany,2.0
1971,18,Wilfried Van Moer,Standard Liège,Belgium,2.0
1971,22,Bobby Charlton,Manchester United,England,1.0
1971,22,Albert Shesternyov,CSKA Moscow,Soviet Union,1.0
1972,1,Franz Beckenbauer,Bayern Munich,West Germany,81.0
1972,2,Gerd Müller,Bayern Munich,West Germany,79.0
1972,2,Günter Netzer,Borussia Mönchengladbach,West Germany,79.0
1972,4,Johan Cruyff,Ajax,Netherlands,73.0
1972,5,Piet Keizer,Ajax,Netherlands,13.0
1972,6,Kazimierz Deyna,Legia Warsaw,Poland,6.0
1972,7,Gordon Banks,Stoke City,England,4.0
1972,7,Barry Hulshoff,Ajax,Netherlands,4.0
1972,7,Włodzimierz Lubański,Górnik Zabrze,Poland,4.0
1972,7,Bobby Moore,West Ham United,England,4.0
1972,11,Hristo Bonev,Lokomotiv Plovdiv,Bulgaria,3.0
1972,11,Murtaz Khurtsilava,Dinamo Tbilisi,Soviet Union,3.0
1972,11,Gerrie Mühren,Ajax,Netherlands,3.0
1972,11,Paul Van Himst,Anderlecht,Belgium,3.0
1972,15,Antal Dunai,Újpest,Hungary,2.0
1972,15,Eusébio,Benfica,Portugal,2.0
1972,15,Sandro Mazzola,Internazionale,Italy,2.0
1972,18,Amancio,Real Madrid,Spain,1.0
1972,18,Paul Breitner,Bayern Munich,West Germany,1.0
1972,18,Giorgio Chinaglia,Lazio,Italy,1.0
1972,18,Dragan Džajić,Red Star Belgrade,Yugoslavia,1.0
1972,18,Johnny Giles,Leeds United,Republic of Ireland,1.0
1972,18,John Greig,Rangers,Scotland,1.0
1972,18,Johan Neeskens,Ajax,Netherlands,1.0
1972,18,Gianni Rivera,Milan,Italy,1.0
1972,18,Yevhen Rudakov,Dynamo Kyiv,Soviet Union,1.0
1972,18,Marius Trésor,Marseille,France,1.0
1973,1,Johan Cruyff,Ajax / Barcelona,Netherlands,96.0
1973,2,Dino Zoff,Juventus,Italy,47.0
1973,3,Gerd Müller,Bayern Munich,West Germany,44.0
1973,4,Franz Beckenbauer,Bayern Munich,West Germany,30.0
1973,5,Billy Bremner,Leeds United,Scotland,22.0
1973,6,Kazimierz Deyna,Legia Warsaw,Poland,16.0
1973,7,Eusébio,Benfica,Portugal,14.0
1973,8,Gianni Rivera,Milan,Italy,12.0
1973,9,Ralf Edström,Åtvidabergs FF /  PSV Eindhoven,Sweden,11.0
1973,9,Günter Netzer,Borussia Mönchengladbach /  Real Madrid,Germany,11.0
1973,11,Uli Hoeneß,Bayern Munich,West Germany,8.0
1973,12,Hristo Bonev,Lokomotiv Plovdiv,Bulgaria,7.0
1973,12,Giacinto Facchetti,Internazionale,Italy,7.0
1973,14,Juan Manuel Asensi,Barcelona,Spain,5.0
1973,14,Sandro Mazzola,Internazionale,Italy,5.0
1973,14,Jan Tomaszewski,ŁKS Łódź,Poland,5.0
1973,17,Włodzimierz Lubański,Górnik Zabrze,Poland,4.0
1973,18,Wolfgang Overath,1. FC Köln,West Germany,3.0
1973,19,Barry Hulshoff,Ajax,Netherlands,2.0
1973,19,Hans-Jürgen Kreische,Dynamo Dresden,East Germany,2.0
1973,19,Bobby Moore,West Ham United,England,2.0
1973,19,Roland Sandberg,Åtvidabergs FF /  1. FC Kaiserslautern,Sweden,2.0
1973,23,Vladislav Bogićević,Red Star Belgrade,Yugoslavia,1.0
1973,23,Dragan Džajić,Red Star Belgrade,Yugoslavia,1.0
1973,23,Pat Jennings,Tottenham Hotspur,Northern Ireland,1.0
1973,23,Denis Law,Manchester City,Scotland,1.0
1973,23,Ivo Viktor,Dukla Prague,Czechoslovakia,1.0
1974,1,Johan Cruyff,Barcelona,Netherlands,116.0
1974,2,Franz Beckenbauer,Bayern Munich,West Germany,105.0
1974,3,Kazimierz Deyna,Legia Warsaw,Poland,35.0
1974,4,Paul Breitner,Bayern Munich,West Germany,32.0
1974,5,Johan Neeskens,Barcelona,Netherlands,21.0
1974,6,Grzegorz Lato,Stal Mielec,Poland,16.0
1974,7,Gerd Müller,Bayern Munich,West Germany,14.0
1974,8,Robert Gadocha,Legia Warsaw,Poland,11.0
1974,9,Billy Bremner,Leeds United,Scotland,9.0
1974,10,Ralf Edström,PSV Eindhoven,Sweden,4.0
1974,10,Jürgen Sparwasser,1. FC Magdeburg,East Germany,4.0
1974,10,Berti Vogts,Borussia Mönchengladbach,West Germany,4.0
1974,13,Ronnie Hellström,1. FC Kaiserslautern,Sweden,3.0
1974,13,Jan Tomaszewski,ŁKS Łódź,Poland,3.0
1974,15,José Altafini,Juventus,Italy,2.0
1974,15,Hristo Bonev,Lokomotiv Plovdiv,Bulgaria,2.0
1974,15,Jerzy Gorgoń,Górnik Zabrze,Poland,2.0
1974,15,Sepp Maier,Bayern Munich,West Germany,2.0
1974,19,Oleg Blokhin,Dynamo Kyiv,Soviet Union,1.0
1974,19,Rainer Bonhof,Borussia Mönchengladbach,West Germany,1.0
1974,19,Jean-Marc Guillou,Angers,France,1.0
1974,19,Uli Hoeneß,Bayern Munich,West Germany,1.0
1974,19,Branko Oblak,Hajduk Split,Yugoslavia,1.0
1975,1,Oleg Blokhin,Dynamo Kyiv,Soviet Union,122.0
1975,2,Franz Beckenbauer,Bayern Munich,West Germany,42.0
1975,3,Johan Cruyff,Barcelona,Netherlands,27.0
1975,4,Berti Vogts,Borussia Mönchengladbach,West Germany,25.0
1975,5,Sepp Maier,Bayern Munich,West Germany,20.0
1975,6,Ruud Geels,Ajax,Netherlands,18.0
1975,7,Jupp Heynckes,Borussia Mönchengladbach,West Germany,17.0
1975,8,Paul Breitner,Real Madrid,West Germany,14.0
1975,9,Colin Todd,Derby County,England,12.0
1975,10,Dudu Georgescu,Dinamo București,Romania,11.0
1975,11,Peter Lorimer,Leeds United,Scotland,9.0
1975,11,Branko Oblak,Schalke 04,Yugoslavia,9.0
1975,11,Pirri,Real Madrid,Spain,9.0
1975,14,Ralf Edström,PSV Eindhoven,Sweden,6.0
1975,14,Günter Netzer,Real Madrid,West Germany,6.0
1975,14,Dino Zoff,Juventus,Italy,6.0
1975,17,Hristo Bonev,Lokomotiv Plovdiv,Bulgaria,4.0
1975,17,Josip Katalinski,Nice,Yugoslavia,4.0
1975,17,Grzegorz Lato,Stal Mielec,Poland,4.0
1975,17,Gerd Müller,Bayern Munich,West Germany,4.0
1975,17,Ivo Viktor,Dukla Prague,Czechoslovakia,4.0
1975,22,Ján Pivarník,Slovan Bratislava,Czechoslovakia,3.0
1975,23,Leonid Buryak,Dynamo Kyiv,Soviet Union,2.0
1975,23,Jürgen Croy,Sachsenring Zwickau,East Germany,2.0
1975,23,Johan Neeskens,Barcelona,Netherlands,2.0
1975,23,Jean-Marc Guillou,Nice,France,2.0
1975,27,João Alves,Boavista,Portugal,1.0
1975,27,Dragan Džajić,Bastia,Yugoslavia,1.0
1975,27,Giacinto Facchetti,Internazionale,Italy,1.0
1975,27,Don Givens,Queens Park Rangers,Republic of Ireland,1.0
1975,27,Pat Jennings,Tottenham Hotspur,Northern Ireland,1.0
1975,27,Allan Simonsen,Borussia Mönchengladbach,Denmark,1.0
1976,1,Franz Beckenbauer,Bayern Munich,West Germany,91.0
1976,2,Rob Rensenbrink,Anderlecht,Netherlands,75.0
1976,3,Ivo Viktor,Dukla Prague,Czechoslovakia,52.0
1976,4,Kevin Keegan,Liverpool,England,32.0
1976,5,Michel Platini,Nancy,France,19.0
1976,6,Anton Ondruš,Slovan Bratislava,Czechoslovakia,16.0
1976,7,Johan Cruyff,Barcelona,Netherlands,12.0
1976,7,Ivan Ćurković,Saint-Étienne,Yugoslavia,12.0
1976,9,Rainer Bonhof,Borussia M'Gladbach,West Germany,9.0
1976,9,Gerd Müller,Bayern Munich,West Germany,9.0
1976,9,Marián Masný,Slovan Bratislava,Czechoslovakia,9.0
1976,12,Franco Causio,Juventus,Italy,7.0
1976,13,Berti Vogts,Borussia Mönchengladbach,West Germany,6.0
1976,14,Tibor Nyilasi,Ferencváros,Hungary,5.0
1976,15,Roberto Bettega,Juventus,Italy,4.0
1976,15,Jürgen Croy,Sachsenring Zwickau,East Germany,4.0
1976,15,Dudu Georgescu,Dinamo București,Romania,4.0
1976,15,Jaroslav Pollák,VSS Košice,Czechoslovakia,4.0
1976,19,Oleg Blokhin,Dinamo Kyiv,Soviet Union,3.0
1976,19,Joachim Streich,1. FC Magdeburg,East Germany,3.0
1976,21,Gérard Janvion,Saint-Étienne,France,2.0
1976,21,Dieter Müller,1. FC Köln,West Germany,2.0
1976,21,Dominique Rocheteau,Saint-Étienne,France,2.0
1976,21,Santillana,Real Madrid,Spain,2.0
1976,21,Benny Wendt,Tennis Borussia Berlin,Sweden,2.0
1976,26,Dominique Bathenay,Saint-Étienne,France,1.0
1976,26,Jupp Heynckes,Borussia Mönchengladbach,West Germany,1.0
1976,26,Ali Kemal,Trabzonspor,Turkey,1.0
1976,26,Dino Zoff,Juventus,Italy,1.0
1977,1,Allan Simonsen,Borussia Mönchengladbach,Denmark,74.0
1977,2,Kevin Keegan,Liverpool / Hamburger SV,England,71.0
1977,3,Michel Platini,Nancy,France,70.0
1977,4,Roberto Bettega,Juventus,Italy,39.0
1977,5,Johan Cruyff,Barcelona,Netherlands,23.0
1977,6,Klaus Fischer,Schalke 04,West Germany,21.0
1977,7,Tibor Nyilasi,Ferencváros,Hungary,13.0
1977,7,Rob Rensenbrink,Anderlecht,Netherlands,13.0
1977,9,Dudu Georgescu,Dinamo București,Romania,6.0
1977,10,Emlyn Hughes,Liverpool,England,5.0
1977,10,Steve Heighway,Liverpool,Ireland,5.0
1977,10,Berti Vogts,Borussia Mönchengladbach,West Germany,5.0
1977,13,Dominique Bathenay,Saint-Étienne,France,4.0
1977,13,Trevor Brooking,West Ham United,England,4.0
1977,13,Anders Linderoth,Marseille,Sweden,4.0
1977,13,Ronnie Hellström,1. FC Kaiserslautern,Sweden,4.0
1977,13,Franco Causio,Juventus,Italy,4.0
1977,18,Ruud Krol,Ajax,Netherlands,3.0
1977,18,Marius Trésor,Marseille,France,3.0
1977,20,Rainer Bonhof,Borussia Mönchengladbach,West Germany,2.0
1977,20,Heinz Flohe,1. FC Köln,West Germany,2.0
1977,20,Ruud Geels,Ajax,Netherlands,2.0
1977,20,Dieter Müller,1. FC Köln,West Germany,2.0
1977,20,Pirri,Real Madrid,Spain,2.0
1977,20,Peter Shilton,Nottingham Forest,England,2.0
1977,26,Giancarlo Antognoni,Fiorentina,Italy,1.0
1977,26,Jürgen Grabowski,Eintracht Frankfurt,West Germany,1.0
1977,26,Gérard Janvion,Saint-Étienne,France,1.0
1977,26,Ray Kennedy,Liverpool,England,1.0
1977,26,Hans Krankl,Rapid Wien,Austria,1.0
1977,26,Gordon McQueen,Leeds United,Scotland,1.0
1977,26,András Törőcsik,Újpest,Hungary,1.0
1978,1,Kevin Keegan,Hamburger SV,England,87.0
1978,2,Hans Krankl,Barcelona,Austria,81.0
1978,3,Rob Rensenbrink,Anderlecht,Netherlands,50.0
1978,4,Roberto Bettega,Juventus,Italy,28.0
1978,5,Paolo Rossi,L.R. Vicenza,Italy,23.0
1978,6,Ronnie Hellström,Kaiserslautern,Sweden,20.0
1978,6,Ruud Krol,Ajax,Netherlands,20.0
1978,8,Kenny Dalglish,Liverpool,Scotland,10.0
1978,8,Allan Simonsen,Borussia Mönchengladbach,Denmark,10.0
1978,10,Peter Shilton,Nottingham Forest,England,9.0
1978,11,Arie Haan,Anderlecht,Netherlands,7.0
1978,12,René van de Kerkhof,PSV Eindhoven,Netherlands,6.0
1978,13,Antonio Cabrini,Juventus,Italy,5.0
1978,13,Willy van de Kerkhof,PSV Eindhoven,Netherlands,5.0
1978,15,Johan Cruyff,Barcelona,Netherlands,4.0
1978,15,Graeme Souness,Liverpool,Scotland,4.0
1978,15,Zdeněk Nehoda,Dukla Prague,Czechoslovakia,4.0
1978,18,Marián Masný,Slovan Bratislava,Czechoslovakia,3.0
1978,19,Archie Gemmill,Nottingham Forest,Scotland,2.0
1978,19,Marius Trésor,Marseille,France,2.0
1978,21,João Alves,Benfica,Portugal,1.0
1978,21,Rainer Bonhof,Valencia,West Germany,1.0
1978,21,Zbigniew Boniek,Widzew Łódź,Poland,1.0
1978,21,Franco Causio,Juventus,Italy,1.0
1978,21,Hansi Müller,VfB Stuttgart,West Germany,1.0
1978,21,Johan Neeskens,Barcelona,Netherlands,1.0
1978,21,Michel Platini,Nancy,France,1.0
1978,21,Karl-Heinz Rummenigge,Bayern Munich,West Germany,1.0
1978,21,Didier Six,Marseille,France,1.0
1978,21,François Van Der Elst,Anderlecht,Belgium,1.0
1979,1,Kevin Keegan,Hamburger SV,England,118.0
1979,2,Karl-Heinz Rummenigge,Bayern Munich,West Germany,52.0
1979,3,Ruud Krol,Ajax,Netherlands,41.0
1979,4,Manfred Kaltz,Hamburger SV,West Germany,27.0
1979,5,Michel Platini,Saint-Étienne,France,23.0
1979,6,Paolo Rossi,Perugia,Italy,16.0
1979,7,Trevor Francis,Nottingham Forest,England,13.0
1979,7,Liam Brady,Arsenal,Republic of Ireland,13.0
1979,9,Zbigniew Boniek,Widzew Łódź,Poland,8.0
1979,9,Zdeněk Nehoda,Dukla Prague,Czechoslovakia,8.0
1979,11,Kenny Dalglish,Liverpool,Scotland,7.0
1979,12,Allan Simonsen,Barcelona,Denmark,
1979,13,Paul Breitner,Bayern Munich,West Germany,6.0
1979,13,Kees Kist,AZ,Netherlands,6.0
1979,15,Johnny Rep,Saint-Étienne,Netherlands,5.0
1979,15,Tony Woodcock,1. FC Köln,England,5.0
1979,15,Hans Krankl,Barcelona,Austria,5.0
1979,15,Safet Sušić,FK Sarajevo,SFR Yugoslavia,5.0
1979,19,Uli Stielike,Real Madrid,West Germany,4.0
1979,20,Marius Trésor,Marseille,France,3.0
1979,21,João Alves,Paris Saint-Germain,Portugal,2.0
1979,21,Franco Causio,Juventus,Italy,2.0
1979,21,Gordon McQueen,Manchester United,Scotland,2.0
1979,21,René van de Kerkhof,PSV Eindhoven,Netherlands,2.0
1979,21,Bruno Pezzey,Eintracht Frankfurt,Austria,2.0
1979,21,Simon Tahamata,Ajax,Netherlands,2.0
1979,27,Juan Manuel Asensi,Barcelona,Spain,1.0
1979,27,Trevor Brooking,West Ham United,England,1.0
1979,27,Ronnie Hellström,Kaiserslautern,Sweden,1.0
1979,27,Hansi Müller,VfB Stuttgart,West Germany,1.0
1979,27,Antonín Panenka,Bohemians 1905,Czechoslovakia,1.0
1979,27,Walter Schachner,Austria Wien,Austria,1.0
1980,1,Karl-Heinz Rummenigge,Bayern Munich,West Germany,122.0
1980,2,Bernd Schuster,Barcelona,West Germany,34.0
1980,3,Michel Platini,Saint-Étienne,France,33.0
1980,4,Wilfried Van Moer,Beveren,Belgium,27.0
1980,5,Jan Ceulemans,Club Brugge,Belgium,20.0
1980,6,Horst Hrubesch,Hamburger SV,West Germany,18.0
1980,7,Herbert Prohaska[notes 1],Internazionale,Austria,14.0
1980,8,Hansi Müller,VfB Stuttgart,West Germany,11.0
1980,8,Liam Brady,Juventus,Republic of Ireland,11.0
1980,10,Manfred Kaltz,Hamburger SV,West Germany,10.0
1980,11,Erwin Vandenbergh,Lierse,Belgium,9.0
1980,11,Luis Arconada,Real Sociedad,Spain,9.0
1980,11,Dino Zoff,Juventus,Italy,9.0
1980,14,Kenny Dalglish,Liverpool,Scotland,5.0
1980,14,Bruno Pezzey[notes 2],Eintracht Frankfurt,Austria,5.0
1980,16,Terry McDermott,Liverpool,England,4.0
1980,16,Viv Anderson,Nottingham Forest,England,4.0
1980,16,Ruud Krol,Napoli,Netherlands,4.0
1980,16,Francesco Graziani,Torino,Italy,4.0
1980,20,Ladislav Vízek,Dukla Prague,Czechoslovakia,3.0
1980,20,Manuel Bento,Benfica,Portugal,3.0
1980,22,Frank Arnesen,Ajax,Denmark,2.0
1980,22,Antonín Panenka,Bohemians 1905,Czechoslovakia,2.0
1980,22,David O'Leary,Arsenal,Republic of Ireland,2.0
1980,22,Vladimir Petrović,Red Star Belgrade,SFR Yugoslavia,2.0
1980,22,Zbigniew Boniek,Widzew Łódź,Poland,2.0
1980,27,Giancarlo Antognoni,Fiorentina,Italy,1.0
1980,27,Alessandro Altobelli,Internazionale,Italy,1.0
1980,27,Marcel Răducanu,Steaua București,Romania,1.0
1980,27,Trevor Francis,Nottingham Forest,England,1.0
1980,27,Zdeněk Nehoda,Dukla Prague,Czechoslovakia,1.0
1980,27,Peter Shilton,Nottingham Forest,England,1.0
1981,1,Karl-Heinz Rummenigge,Bayern Munich,West Germany,106.0
1981,2,Paul Breitner,Bayern Munich,West Germany,64.0
1981,3,Bernd Schuster,Barcelona,West Germany,39.0
1981,4,Michel Platini,Saint-Étienne,France,36.0
1981,5,Oleg Blokhin,Dinamo Kyiv,Soviet Union,14.0
1981,6,Dino Zoff,Juventus,Italy,13.0
1981,7,Ramaz Shengelia,Dinamo Tbilisi,Soviet Union,10.0
1981,8,Alexsandr Chivadze,Dinamo Tbilisi,Soviet Union,9.0
1981,9,Liam Brady,Juventus,Republic of Ireland,7.0
1981,9,John Wark,Ipswich Town,Scotland,7.0
1981,11,David Kipiani,Dinamo Tbilisi,Soviet Union,6.0
1981,11,András Törőcsik,Újpest,Hungary,6.0
1981,11,Zbigniew Boniek,Widzew Łódź,Poland,6.0
1981,11,Maxime Bossis,Nantes,France,6.0
1981,11,Bruno Pezzey,Eintracht Frankfurt,Austria,6.0
1981,16,Horst Hrubesch,Hamburger SV,West Germany,5.0
1981,16,Ruud Krol,Napoli,Netherlands,5.0
1981,16,Vladimir Petrović,Red Star Belgrade,Yugoslavia,5.0
1981,19,Zlatko Vujovic,Hajduk Split,Yugoslavia,4.0
1981,19,Trevor Brooking,West Ham United,England,4.0
1981,21,Giancarlo Antognoni,Fiorentina,Italy,3.0
1981,21,Jan Ceulemans,Club Brugge,Belgium,3.0
1981,21,Kenny Dalglish,Liverpool,Scotland,3.0
1981,21,Bryan Robson,Manchester United,England,3.0
1981,21,Frank Stapleton,Manchester United,Ireland,3.0
1981,21,Wilfried Van Moer,Beveren,Belgium,3.0
1981,21,Luis Arconada,Real Sociedad,Spain,3.0
1981,28,Grzegorz Lato,Lokeren,Poland,2.0
1981,28,Tibor Nyilasi,Ferencváros,Hungary,2.0
1981,28,Wlodzimierz Smolarek,Widzew Łódź,Poland,2.0
1981,28,Frans Thijssen,Ipswich Town,Netherlands,2.0
1981,32,António Oliveira,Sporting CP,Portugal,1.0
1981,32,Uli Stielike,Real Madrid,West Germany,1.0
1981,32,Jesús Zamora,Real Sociedad,Spain,1.0
1982,1,Paolo Rossi,Juventus,Italy,115.0
1982,2,Alain Giresse[notes 1],Bordeaux,France,64.0
1982,3,Zbigniew Boniek,Juventus,Poland,53.0
1982,4,Karl-Heinz Rummenigge[notes 2],Bayern Munich,West Germany,51.0
1982,5,Bruno Conti,Roma,Italy,48.0
1982,6,Rinat Dasayev,Spartak Moscow,Soviet Union,17.0
1982,7,Pierre Littbarski,1. FC Köln,West Germany,10.0
1982,8,Dino Zoff,Juventus,Italy,9.0
1982,9,Michel Platini,Juventus,France,5.0
1982,10,Bernd Schuster,Barcelona,West Germany,4.0
1982,11,Giancarlo Antognoni,Fiorentina,Italy,3.0
1982,12,Bruno Pezzey,Eintracht Frankfurt,Austria,2.0
1982,12,Gaetano Scirea,Juventus,Italy,2.0
1982,12,Eric Gerets,Standard Liège,Belgium,2.0
1982,15,Paul Breitner,Bayern Munich,West Germany,1.0
1982,15,Torbjörn Nilsson,IFK Göteborg,Sweden,1.0
1982,15,Walter Schachner,Cesena,Austria,1.0
1982,15,Marco Tardelli,Juventus,Italy,1.0
1982,15,Marius Trésor,Bordeaux,France,1.0
1983,1,Michel Platini,Juventus,France,110.0
1983,2,Kenny Dalglish,Liverpool,Scotland,26.0
1983,3,Allan Simonsen,Vejle,Denmark,25.0
1983,4,Gordon Strachan,Aberdeen,Scotland,24.0
1983,5,Felix Magath,Hamburger SV,West Germany,20.0
1983,6,Jean-Marie Pfaff,Bayern Munich,Belgium,15.0
1983,6,Rinat Dasayev,Spartak Moscow,Soviet Union,15.0
1983,8,Karl-Heinz Rummenigge,Bayern Munich,West Germany,14.0
1983,8,Jesper Olsen,Ajax,Denmark,14.0
1983,10,Bryan Robson,Manchester United,England,13.0
1983,11,Fernando Gomes,Porto,Portugal,10.0
1983,11,Bernd Schuster,Barcelona,West Germany,10.0
1983,11,Franky Vercauteren,Anderlecht,Belgium,10.0
1983,11,Alain Giresse,Bordeaux,France,10.0
1983,15,Safet Sušić,Paris Saint-Germain,Yugoslavia,8.0
1983,15,Ian Rush,Liverpool,Wales,8.0
1983,17,Morten Olsen,Anderlecht,Denmark,6.0
1983,18,Norman Whiteside,Manchester United,Northern Ireland,5.0
1983,19,Bruno Conti,Roma,Italy,4.0
1983,19,Eric Gerets,Milan,Belgium,4.0
1983,19,Erwin Vandenbergh,Anderlecht,Belgium,4.0
1983,19,Michael Laudrup,Lazio,Denmark,4.0
1983,23,Liam Brady,Sampdoria,Republic of Ireland,3.0
1983,23,Antonio Cabrini,Juventus,Italy,3.0
1983,23,Carlos Manuel,Benfica,Portugal,3.0
1983,23,Vasilis Hatzipanagis,Iraklis,Greece,3.0
1983,23,Glenn Hysén,IFK Göteborg,Sweden,3.0
1983,23,Paolo Rossi,Juventus,Italy,3.0
1983,23,Costică Ștefănescu,Universitatea Craiova,Romania,3.0
1983,30,Zbigniew Boniek,Juventus,Poland,2.0
1983,30,Fedor Cherenkov,Spartak Moscow,Soviet Union,2.0
1983,30,Ruud Gullit,Feyenoord,Netherlands,2.0
1983,33,Søren Lerby,Bayern Munich,Denmark,1.0
1983,33,Stoycho Mladenov,CSKA Sofia,Bulgaria,1.0
1983,33,Tibor Nyilasi,Austria Wien,Hungary,1.0
1983,33,Rudi Völler,Werder Bremen,West Germany,1.0
1984,1,Michel Platini,Juventus,France,110.0
1984,2,Kenny Dalglish,Liverpool,Scotland,26.0
1984,3,Allan Simonsen,Vejle,Denmark,25.0
1984,4,Gordon Strachan,Aberdeen,Scotland,24.0
1984,5,Felix Magath,Hamburger SV,West Germany,20.0
1984,6,Jean-Marie Pfaff,Bayern Munich,Belgium,15.0
1984,6,Rinat Dasayev,Spartak Moscow,Soviet Union,15.0
1984,8,Karl-Heinz Rummenigge,Bayern Munich,West Germany,14.0
1984,8,Jesper Olsen,Ajax,Denmark,14.0
1984,10,Bryan Robson,Manchester United,England,13.0
1984,11,Fernando Gomes,Porto,Portugal,10.0
1984,11,Bernd Schuster,Barcelona,West Germany,10.0
1984,11,Franky Vercauteren,Anderlecht,Belgium,10.0
1984,11,Alain Giresse,Bordeaux,France,10.0
1984,15,Safet Sušić,Paris Saint-Germain,Yugoslavia,8.0
1984,15,Ian Rush,Liverpool,Wales,8.0
1984,17,Morten Olsen,Anderlecht,Denmark,6.0
1984,18,Norman Whiteside,Manchester United,Northern Ireland,5.0
1984,19,Bruno Conti,Roma,Italy,4.0
1984,19,Eric Gerets,Milan,Belgium,4.0
1984,19,Erwin Vandenbergh,Anderlecht,Belgium,4.0
1984,19,Michael Laudrup,Lazio,Denmark,4.0
1984,23,Liam Brady,Sampdoria,Republic of Ireland,3.0
1984,23,Antonio Cabrini,Juventus,Italy,3.0
1984,23,Carlos Manuel,Benfica,Portugal,3.0
1984,23,Vasilis Hatzipanagis,Iraklis,Greece,3.0
1984,23,Glenn Hysén,IFK Göteborg,Sweden,3.0
1984,23,Paolo Rossi,Juventus,Italy,3.0
1984,23,Costică Ștefănescu,Universitatea Craiova,Romania,3.0
1984,30,Zbigniew Boniek,Juventus,Poland,2.0
1984,30,Fedor Cherenkov,Spartak Moscow,Soviet Union,2.0
1984,30,Ruud Gullit,Feyenoord,Netherlands,2.0
1984,33,Søren Lerby,Bayern Munich,Denmark,1.0
1984,33,Stoycho Mladenov,CSKA Sofia,Bulgaria,1.0
1984,33,Tibor Nyilasi,Austria Wien,Hungary,1.0
1984,33,Rudi Völler,Werder Bremen,West Germany,1.0
1985,1,Michel Platini,Juventus,France,127.0
1985,2,Preben Elkjær,Hellas Verona,Denmark,71.0
1985,3,Bernd Schuster,Barcelona,West Germany,46.0
1985,4,Michael Laudrup,Juventus,Denmark,14.0
1985,5,Karl-Heinz Rummenigge,Internazionale,West Germany,13.0
1985,6,Zbigniew Boniek,Roma,Poland,12.0
1985,7,Oleh Protasov,Dnepr Dnepropetrovsk,Soviet Union,10.0
1985,8,Hans-Peter Briegel,Hellas Verona,West Germany,9.0
1985,9,Bryan Robson,Manchester United,England,8.0
1985,9,Rinat Dasayev,Spartak Moscow,Soviet Union,8.0
1985,11,Rudi Völler,Werder Bremen,West Germany,7.0
1985,12,Luis Fernández,Paris Saint-Germain,France,6.0
1985,12,Søren Lerby,Bayern Munich,Denmark,6.0
1985,14,Rafael Gordillo,Real Madrid,Spain,5.0
1985,14,Ian Rush,Liverpool,Wales,5.0
1985,16,Emilio Butragueño,Real Madrid,Spain,4.0
1985,16,Fernando Gomes,Porto,Portugal,4.0
1985,18,Harald Schumacher,1. FC Köln,West Germany,3.0
1985,18,John Sivebæk,Vejle,Denmark,3.0
1985,18,Neville Southall,Everton,Wales,3.0
1985,21,Lajos Détári,Budapest Honvéd,Hungary,2.0
1985,21,Alain Giresse,Bordeaux,France,2.0
1985,21,Vahid Halilhodžić,Nantes,Yugoslavia,2.0
1985,21,Tibor Nyilasi,Austria Wien,Hungary,2.0
1985,21,Peter Reid,Everton,England,2.0
1985,21,Peter Shilton,Southampton,England,2.0
1985,21,Graeme Souness,Sampdoria,Scotland,2.0
1985,21,Pat Jennings,Tottenham Hotspur,Northern Ireland,2.0
1985,29,Steve Archibald,Barcelona,Scotland,1.0
1985,29,Jan Ceulemans,Club Brugge,Belgium,1.0
1985,29,Anatoliy Demyanenko,Dinamo Kyiv,Soviet Union,1.0
1985,29,Georgi Dimitrov,CSKA Sofia,Bulgaria,1.0
1985,29,Gheorghe Hagi,Sportul Studențesc,Romania,1.0
1985,29,Mark Hateley,Milan,England,1.0
1985,29,Herbert Prohaska,Austria Wien,Austria,1.0
1985,29,Gary Stevens,Everton,England,1.0
1985,29,Andreas Thom,Dynamo Berlin,East Germany,1.0
1985,29,Ladislav Vízek,Dukla Prague,Czechoslovakia,1.0
1986,1,Igor Belanov,Dynamo Kyiv,Soviet Union,84.0
1986,2,Gary Lineker,Everton / Barcelona,England,62.0
1986,3,Emilio Butragueño,Real Madrid,Spain,59.0
1986,4,Manuel Amoros,Monaco,France,22.0
1986,4,Preben Elkjær,Hellas Verona,Denmark,22.0
1986,6,Ian Rush,Liverpool,Wales,20.0
1986,6,Oleksandr Zavarov,Dynamo Kyiv,Soviet Union,20.0
1986,8,Helmuth Duckadam,Steaua București,Romania,10.0
1986,8,Marco van Basten,Ajax,Netherlands,10.0
1986,10,Alessandro Altobelli,Internazionale,Italy,9.0
1986,11,Jean-Marie Pfaff,Bayern Munich,Belgium,8.0
1986,11,Michel Platini,Juventus,France,8.0
1986,13,Jan Ceulemans,Club Brugge,Belgium,7.0
1986,13,Søren Lerby,Monaco,Denmark,7.0
1986,15,Morten Olsen,Anderlecht /  1. FC Köln,Denmark,6.0
1986,16,Rinat Dasayev,Spartak Moscow,Soviet Union,5.0
1986,17,Luis Fernández,Paris Saint-Germain /  RC Paris,France,4.0
1986,17,Paulo Futre,Porto,Portugal,4.0
1986,17,Ruud Gullit,PSV Eindhoven,Netherlands,4.0
1986,17,Harald Schumacher,1. FC Köln,West Germany,4.0
1986,21,Kenny Dalglish,Liverpool,Scotland,3.0
1986,21,Jean Tigana,Bordeaux,France,3.0
1986,21,Pavlo Yakovenko,Dynamo Kyiv,Soviet Union,3.0
1986,24,Karlheinz Förster,VfB Stuttgart / Marseille,West Germany,2.0
1986,25,Lothar Matthäus,Bayern Munich,West Germany,1.0
1986,25,Michael Laudrup,Juventus,Denmark,1.0
1986,25,Rudi Völler,Werder Bremen,West Germany,1.0
1987,1,Ruud Gullit,Milan,Netherlands,106.0
1987,2,Paulo Futre,Porto /  Atlético Madrid,Portugal,91.0
1987,3,Emilio Butragueño,Real Madrid,Spain,61.0
1987,4,Míchel,Real Madrid,Spain,29.0
1987,5,Gary Lineker,Barcelona,England,13.0
1987,6,John Barnes,Liverpool,England,10.0
1987,6,Marco van Basten,Milan,Netherlands,10.0
1987,8,Gianluca Vialli,Sampdoria,Italy,9.0
1987,9,Bryan Robson,Manchester United,England,7.0
1987,10,Klaus Allofs,Marseille,West Germany,6.0
1987,10,Glenn Hysén,Fiorentina,Sweden,6.0
1987,12,Manuel Amoros,Monaco,France,5.0
1987,12,Lothar Matthäus,Bayern Munich,West Germany,5.0
1987,14,Mark Hateley,Monaco,England,4.0
1987,14,Toni Polster,Torino,Austria,4.0
1987,14,Ian Rush,Juventus,Wales,4.0
1987,17,Pierre Littbarski,1. FC Köln,West Germany,3.0
1987,17,Paul McGrath,Manchester United,Republic of Ireland,3.0
1987,17,Jean-Marie Pfaff,Bayern Munich,Belgium,3.0
1987,17,Oleksandr Zavarov,Dynamo Kyiv,Soviet Union,3.0
1987,21,Peter Beardsley,Liverpool,England,2.0
1987,21,Józef Młynarczyk,Porto,Poland,2.0
1987,21,Rinat Dasayev,Spartak Moscow,Soviet Union,2.0
1987,21,Preben Elkjær,Hellas Verona,Denmark,2.0
1987,21,Gheorghe Hagi,Steaua București,Romania,2.0
1987,21,Heinz Hermann,Neuchâtel Xamax,Switzerland,2.0
1987,21,Ally McCoist,Rangers,Scotland,2.0
1987,21,Rodion Cămătaru,Dinamo București,Romania,2.0
1987,21,Peter Shilton,Derby County,England,2.0
1987,30,Alessandro Altobelli,Internazionale,Italy,1.0
1987,30,Glenn Hoddle,Monaco,England,1.0
1987,30,Sokol Kushta,Flamurtari,Albania,1.0
1987,30,Dimitris Saravakos,Panathinaikos,Greece,1.0
1987,30,Rudi Völler,Roma,West Germany,1.0
1988,1,Marco van Basten,Milan,Netherlands,129.0
1988,2,Ruud Gullit,Milan,Netherlands,88.0
1988,3,Frank Rijkaard,Milan,Netherlands,45.0
1988,4,Oleksiy Mykhaylychenko,Dynamo Kyiv,Soviet Union,41.0
1988,5,Ronald Koeman,PSV Eindhoven,Netherlands,39.0
1988,6,Lothar Matthäus,Internazionale,West Germany,10.0
1988,7,Gianluca Vialli,Sampdoria,Italy,7.0
1988,8,Franco Baresi,Milan,Italy,5.0
1988,8,Jürgen Klinsmann,VfB Stuttgart,West Germany,5.0
1988,8,Oleksandr Zavarov,Juventus,Soviet Union,5.0
1988,11,Tanju Çolak,Galatasaray,Turkey,4.0
1988,11,Oleh Kuznetsov,Dynamo Kyiv,Soviet Union,4.0
1988,13,Rinat Dasayev,Sevilla,Soviet Union,3.0
1988,13,Anatoliy Demyanenko,Dynamo Kyiv,Soviet Union,3.0
1988,13,Glenn Hysén,Fiorentina,Sweden,3.0
1988,13,Míchel,Real Madrid,Spain,3.0
1988,17,Flemming Povlsen,1. FC Köln,Denmark,2.0
1988,17,Michel Preud'homme,Mechelen,Belgium,2.0
1988,17,Walter Zenga,Internazionale,Italy,2.0
1988,20,Gheorghe Hagi,Steaua București,Romania,1.0
1988,20,Roberto Mancini,Sampdoria,Italy,1.0
1988,20,Dejan Savićević,Red Star Belgrade,Yugoslavia,1.0
1988,20,Neville Southall,Everton,Wales,1.0
1988,20,Dragan Stojković,Red Star Belgrade,Yugoslavia,1.0
1989,1,Marco van Basten,AC Milan,Netherlands,119.0
1989,2,Franco Baresi,Milan,Italy,80.0
1989,3,Frank Rijkaard,Milan,Netherlands,43.0
1989,4,Lothar Matthäus,Internazionale,West Germany,24.0
1989,5,Peter Shilton,Derby County,England,22.0
1989,6,Dragan Stojković,Red Star Belgrade,Yugoslavia,19.0
1989,7,Ruud Gullit,Milan,Netherlands,16.0
1989,8,Gheorghe Hagi,Steaua București,Romania,11.0
1989,8,Jürgen Klinsmann,Internazionale,West Germany,11.0
1989,10,Jean-Pierre Papin,Marseille,France,10.0
1989,10,Michel Preud'homme,Mechelen,Belgium,10.0
1989,12,Oleksiy Mykhaylychenko,Dynamo Kyiv,Soviet Union,6.0
1989,13,Míchel,Real Madrid,Spain,5.0
1989,14,Andreas Brehme,Internazionale,West Germany,3.0
1989,14,Paulo Futre,Atlético Madrid,Portugal,3.0
1989,14,Karl-Heinz Riedle,Werder Bremen,West Germany,3.0
1989,17,John Barnes,Liverpool,England,2.0
1989,17,Packie Bonner,Celtic,Republic of Ireland,2.0
1989,17,Glenn Hysén,Liverpool,Sweden,2.0
1989,17,Oleh Kuznetsov,Dynamo Kyiv,Soviet Union,2.0
1989,17,Andreas Möller,Borussia Dortmund,West Germany,2.0
1989,17,Julio Salinas,Barcelona,Spain,2.0
1989,23,Thomas Häßler,1. FC Köln,West Germany,1.0
1989,23,Ronald Koeman,Barcelona,Netherlands,1.0
1989,23,Robby Langers,Nice,Luxembourg,1.0
1989,23,Gary Lineker,Tottenham Hotspur,England,1.0
1989,23,Paolo Maldini,Milan,Italy,1.0
1989,23,Theo Snelders,Aberdeen,Netherlands,1.0
1989,23,Gianluca Vialli,Sampdoria,Italy,1.0
1989,23,Oleksandr Zavarov,Juventus,Soviet Union,1.0
1990,1,Lothar Matthäus,Internazionale,Germany,137.0
1990,2,Salvatore Schillaci,Juventus,Italy,84.0
1990,3,Andreas Brehme,Internazionale,Germany,68.0
1990,4,Paul Gascoigne,Tottenham Hotspur,England,43.0
1990,5,Franco Baresi,Milan,Italy,37.0
1990,6,Enzo Scifo,Auxerre,Belgium,12.0
1990,6,Jürgen Klinsmann,Internazionale,Germany,12.0
1990,8,Roberto Baggio,Fiorentina / Juventus,Italy,8.0
1990,9,Frank Rijkaard,Milan,Netherlands,7.0
1990,10,Guido Buchwald,VfB Stuttgart,Germany,6.0
1990,11,Jean-Pierre Papin,Marseille,France,3.0
1990,12,Rafael Martín Vázquez,Real Madrid / Torino,Spain,2.0
1990,12,Paul McGrath,Aston Villa,Republic of Ireland,2.0
1990,12,Robert Prosinečki,Red Star Belgrade,Yugoslavia,2.0
1990,12,Des Walker,Nottingham Forest,England,2.0
1990,12,Walter Zenga,Internazionale,Italy,2.0
1990,12,Dragan Stojković,Red Star Belgrade,Yugoslavia,2.0
1990,18,John Barnes,Liverpool,England,1.0
1990,18,Michael Laudrup,Barcelona,Denmark,1.0
1990,18,Gary Lineker,Tottenham Hotspur,England,1.0
1990,18,David Platt,Aston Villa,England,1.0
1990,18,Rudi Völler,Roma,Germany,1.0
1990,18,Chris Waddle,Marseille,England,1.0
1991,1,Jean-Pierre Papin,Marseille,France,141.0
1991,2,Dejan Savićević,Red Star Belgrade,Yugoslavia,42.0
1991,2,Darko Pančev,Red Star Belgrade,Yugoslavia,42.0
1991,2,Lothar Matthäus,Internazionale,Germany,42.0
1991,5,Robert Prosinečki,Red Star Belgrade /  Real Madrid,Yugoslavia,34.0
1991,6,Gary Lineker,Tottenham Hotspur,England,33.0
1991,7,Gianluca Vialli,Sampdoria,Italy,18.0
1991,8,Miodrag Belodedici,Red Star Belgrade,Romania,15.0
1991,9,Mark Hughes,Manchester United,Wales,12.0
1991,10,Chris Waddle,Marseille,England,11.0
1991,11,Michael Laudrup,Barcelona,Denmark,7.0
1991,12,Rudi Völler,Roma,Germany,5.0
1991,13,Txiki Begiristain,Barcelona,Spain,3.0
1991,13,Stéphane Chapuisat,Borussia Dortmund,Switzerland,3.0
1991,13,Bruno Martini,Auxerre,France,3.0
1991,13,Paul McGrath,Aston Villa,Republic of Ireland,3.0
1991,13,Dean Saunders,Derby County / Liverpool,Wales,3.0
1991,13,Hristo Stoichkov,Barcelona,Bulgaria,3.0
1991,19,Roberto Mancini,Sampdoria,Italy,2.0
1991,19,Marco van Basten,Milan,Netherlands,2.0
1991,21,Guido Buchwald,VfB Stuttgart,Germany,1.0
1991,21,Thomas Doll,Lazio,Germany,1.0
1991,21,Stefan Effenberg,Bayern Munich,Germany,1.0
1991,21,Ruud Gullit,Milan,Netherlands,1.0
1991,21,Gheorghe Hagi,Real Madrid,Romania,1.0
1991,21,Alexei Mikhailichenko,Rangers,Soviet Union,1.0
1991,21,Gary Pallister,Manchester United,England,1.0
1991,21,Dimitris Saravakos,Panathinaikos,Greece,1.0
1991,21,Gianluca Pagliuca,Sampdoria,Italy,1.0
1991,21,Guy Hellers,Standard Liège,Luxembourg,1.0
1991,21,Laurent Blanc,Napoli,France,1.0
1992,1,Marco van Basten,Milan,Netherlands,98.0
1992,2,Hristo Stoichkov,Barcelona,Bulgaria,80.0
1992,3,Dennis Bergkamp,Ajax,Netherlands,53.0
1992,4,Thomas Häßler,Roma,Germany,42.0
1992,5,Peter Schmeichel,Manchester United,Denmark,41.0
1992,6,Brian Laudrup,Fiorentina,Denmark,32.0
1992,7,Michael Laudrup,Barcelona,Denmark,22.0
1992,8,Ronald Koeman,Barcelona,Netherlands,14.0
1992,9,Stéphane Chapuisat,Borussia Dortmund,Switzerland,10.0
1992,10,Frank Rijkaard,Milan,Netherlands,8.0
1992,10,Enzo Scifo,Torino,Belgium,8.0
1992,12,Flemming Povlsen,Borussia Dortmund,Denmark,6.0
1992,13,Henrik Larsen,Pisa,Denmark,4.0
1992,14,John Jensen,Arsenal,Denmark,3.0
1992,14,Paolo Maldini,Milan,Italy,3.0
1992,16,Henrik Andersen,1. FC Köln,Denmark,2.0
1992,16,David Platt,Juventus,England,2.0
1992,16,Tomas Brolin,Parma,Sweden,2.0
1992,16,Jean-Pierre Papin,Milan,France,2.0
1992,20,Franco Baresi,Milan,Italy,1.0
1992,20,Rune Bratseth,Werder Bremen,Norway,1.0
1993,1,Roberto Baggio,Juventus,Italy,192.0
1993,2,Dennis Bergkamp,Internazionale,Netherlands,83.0
1993,3,Eric Cantona,Manchester United,France,34.0
1993,4,Alen Bokšić,Lazio,Croatia,29.0
1993,5,Michael Laudrup,Barcelona,Denmark,27.0
1993,6,Franco Baresi,Milan,Italy,24.0
1993,7,Paolo Maldini,Milan,Italy,19.0
1993,8,Emil Kostadinov,Porto,Bulgaria,11.0
1993,9,Stéphane Chapuisat,Borussia Dortmund,Switzerland,9.0
1993,9,Ryan Giggs,Manchester United,Wales,9.0
1993,11,Andreas Möller,Juventus,Germany,7.0
1993,12,Ruud Gullit,Sampdoria,Netherlands,6.0
1993,12,Peter Schmeichel,Manchester United,Denmark,6.0
1993,12,Hristo Stoichkov,Barcelona,Bulgaria,6.0
1993,15,Basile Boli,Marseille,France,5.0
1993,15,Rune Bratseth,Werder Bremen,Norway,5.0
1993,17,Enzo Scifo,Monaco,Belgium,4.0
1993,18,Andreas Herzog,Werder Bremen,Austria,3.0
1993,18,Ronald Koeman,Barcelona,Netherlands,3.0
1993,18,Jari Litmanen,Ajax,Finland,3.0
1993,21,Dino Baggio,Juventus,Italy,2.0
1993,21,Sergei Kiriakov,Karlsruher SC,Russia,2.0
1993,21,David Platt,Sampdoria,England,2.0
1993,21,Franck Sauzée,Atalanta,France,2.0
1993,21,Giuseppe Signori,Lazio,Italy,2.0
1993,26,Tomas Brolin,Parma,Sweden,1.0
1993,26,Martin Dahlin,Borussia Mönchengladbach,Sweden,1.0
1993,26,Georges Grün,Parma,Belgium,1.0
1993,26,Stelios Manolas,AEK Athens,Greece,1.0
1993,26,Paul McGrath,Aston Villa,Republic of Ireland,1.0
1994,1,Hristo Stoichkov,Barcelona,Bulgaria,210.0
1994,2,Roberto Baggio,Juventus,Italy,136.0
1994,3,Paolo Maldini,Milan,Italy,109.0
1994,4,Gheorghe Hagi,Barcelona,Romania,68.0
1994,4,Tomas Brolin,Parma,Sweden,68.0
1994,6,Jürgen Klinsmann,Tottenham Hotspur,Germany,43.0
1994,7,Thomas Ravelli,IFK Göteborg,Sweden,21.0
1994,8,Jari Litmanen,Ajax,Finland,12.0
1994,9,Marcel Desailly,Milan,France,8.0
1994,9,Dejan Savićević,Milan,FR Yugoslavia,8.0
1994,11,Franco Baresi,Milan,Italy,7.0
1994,11,Michel Preud'homme,Benfica,Belgium,7.0
1994,13,Michael Laudrup,Real Madrid,Denmark,4.0
1994,13,Yordan Letchkov,Hamburger SV,Bulgaria,4.0
1994,13,Eric Cantona,Manchester United,France,4.0
1994,16,Krasimir Balakov[notes 1],Sporting CP,Bulgaria,3.0
1994,16,José Luis Caminero,Atlético Madrid,Spain,3.0
1994,16,Jean-Pierre Papin,Bayern Munich,France,3.0
1994,16,Giuseppe Signori,Lazio,Italy,3.0
1994,16,Lothar Matthäus,Bayern Munich,Germany,3.0
1994,21,Philippe Albert,Newcastle United,Belgium,2.0
1994,21,Otto Konrad,Austria Salzburg,Austria,2.0
1994,21,Ciriaco Sforza,Kaiserslautern,Switzerland,2.0
1994,24,Kennet Andersson,Caen,Sweden,1.0
1994,24,Zvonimir Boban,Milan,Croatia,1.0
1994,24,Martin Dahlin,Borussia Mönchengladbach,Sweden,1.0
1994,24,Pep Guardiola,Barcelona,Spain,1.0
1994,24,Andreas Möller,Borussia Dortmund,Germany,1.0
1995,1,George Weah,Paris Saint-Germain / Milan,Liberia,144.0
1995,2,Jürgen Klinsmann,Tottenham Hotspur F.C. /  Bayern Munich,Germany,108.0
1995,3,Jari Litmanen,Ajax,Finland,67.0
1995,4,Alessandro Del Piero,Juventus,Italy,57.0
1995,5,Patrick Kluivert,Ajax,Netherlands,47.0
1995,6,Gianfranco Zola,Parma,Italy,41.0
1995,7,Paolo Maldini,Milan,Italy,36.0
1995,8,Marc Overmars,Ajax,Netherlands,33.0
1995,9,Matthias Sammer,Borussia Dortmund,Germany,18.0
1995,10,Michael Laudrup,Real Madrid,Denmark,17.0
1995,11,Marcel Desailly,Milan,France,16.0
1995,12,Frank Rijkaard,Ajax,Netherlands,15.0
1995,12,Fabrizio Ravanelli,Juventus,Italy,15.0
1995,14,Paulo Sousa,Juventus,Portugal,14.0
1995,14,Hristo Stoichkov,Parma,Bulgaria,14.0
1995,16,Dejan Savićević,Milan,Yugoslavia,12.0
1995,17,Davor Šuker,Sevilla,Croatia,10.0
1995,18,Fernando Hierro,Real Madrid,Spain,9.0
1995,19,Gianluca Vialli,Juventus,Italy,8.0
1995,20,Gabriel Batistuta,Fiorentina,Argentina,7.0
1995,21,Franco Baresi,Milan,Italy,6.0
1995,21,Finidi George,Ajax,Nigeria,6.0
1995,23,Roberto Baggio,Juventus,Italy,5.0
1995,23,Tony Yeboah,Leeds United,Ghana,5.0
1995,23,Zvonimir Boban,Milan,Croatia,5.0
1995,26,Ronaldo,PSV Eindhoven,Brazil,4.0
1995,27,Juan Esnáider,Real Zaragoza /  Real Madrid,Argentina,3.0
1995,27,Iván Zamorano,Real Madrid,Chile,3.0
1995,27,Andreas Möller,Borussia Dortmund,Germany,3.0
1995,30,Vítor Baía,Porto,Portugal,2.0
1995,30,Bebeto,Deportivo La Coruña,Brazil,2.0
1995,32,Alan Shearer,Blackburn Rovers,England,1.0
1995,32,Luís Figo,Barcelona,Portugal,1.0
1995,32,Ian Wright,Arsenal,England,1.0
1996,1,Matthias Sammer,Borussia Dortmund,Germany,144.0
1996,2,Ronaldo,PSV Eindhoven / Barcelona,Brazil,143.0
1996,3,Alan Shearer,Blackburn Rovers /  Newcastle United,England,107.0
1996,4,Alessandro Del Piero,Juventus,Italy,69.0
1996,5,Jürgen Klinsmann,Bayern Munich,Germany,60.0
1996,6,Davor Šuker,Real Madrid,Croatia,38.0
1996,7,Eric Cantona,Manchester United,France,24.0
1996,8,Marcel Desailly,Milan,France,22.0
1996,9,Youri Djorkaeff,Internazionale,France,20.0
1996,10,Karel Poborský,Slavia Prague /  Manchester United,Czech Republic,15.0
1996,11,Nwankwo Kanu,Internazionale,Nigeria,14.0
1996,12,George Weah,Milan,Liberia,13.0
1996,13,Alen Bokšić,Juventus,Croatia,12.0
1996,13,Gabriel Batistuta,Fiorentina,Argentina,12.0
1996,13,Andreas Köpke,Marseille,Germany,12.0
1996,16,Fabrizio Ravanelli,Middlesbrough,Italy,9.0
1996,16,Predrag Mijatović,Real Madrid,Yugoslavia,9.0
1996,18,Didier Deschamps,Juventus,France,8.0
1996,19,Kubilay Türkyilmaz,Grasshopper,Switzerland,5.0
1996,20,David Seaman,Arsenal,England,4.0
1996,20,Raúl,Real Madrid,Spain,4.0
1996,22,Paolo Maldini,Milan,Italy,3.0
1996,22,Christian Ziege,Bayern Munich,Germany,3.0
1996,22,Patrik Berger,Borussia Dortmund / Liverpool,Czech Republic,3.0
1996,22,Trifon Ivanov,Rapid Wien,Bulgaria,3.0
1996,26,Radek Bejbl,Slavia Prague / Atlético Madrid,Czech Republic,2.0
1996,26,Rui Costa,Fiorentina,Portugal,2.0
1996,28,Ronald de Boer,Ajax,Netherlands,1.0
1996,28,Luís Figo,Barcelona,Portugal,1.0
1996,28,Brian Laudrup,Rangers,Denmark,1.0
1996,28,Sergi,Barcelona,Spain,1.0
1996,28,Zinedine Zidane,Juventus,France,1.0
1997,1,Ronaldo,Barcelona /  Internazionale,Brazil,222.0
1997,2,Predrag Mijatović,Real Madrid,FR Yugoslavia,68.0
1997,3,Zinedine Zidane,Juventus,France,63.0
1997,4,Dennis Bergkamp,Arsenal,Netherlands,53.0
1997,5,Roberto Carlos,Real Madrid,Brazil,47.0
1997,6,Andreas Möller,Borussia Dortmund,Germany,40.0
1997,7,Raúl,Real Madrid,Spain,35.0
1997,8,Peter Schmeichel,Manchester United,Denmark,19.0
1997,9,Jürgen Kohler,Borussia Dortmund,Germany,17.0
1997,10,Matthias Sammer,Borussia Dortmund,Germany,16.0
1997,10,Christian Vieri,Atlético Madrid,Italy,16.0
1997,12,Youri Djorkaeff,Internazionale,France,15.0
1997,13,Luis Enrique,Barcelona,Spain,14.0
1997,14,Luís Figo,Barcelona,Portugal,12.0
1997,15,Gianfranco Zola,Chelsea,Italy,11.0
1997,15,Krasimir Balakov,VfB Stuttgart,Bulgaria,11.0
1997,17,Didier Deschamps,Juventus,France,10.0
1997,17,Clarence Seedorf,Real Madrid,Netherlands,10.0
1997,19,Alessandro Del Piero,Juventus,Italy,9.0
1997,19,Alan Shearer,Newcastle United,England,9.0
1997,19,David Beckham,Manchester United,England,9.0
1997,22,Fernando Hierro,Real Madrid,Spain,8.0
1997,23,Gabriel Batistuta,Fiorentina,Argentina,7.0
1997,24,Olaf Thon,Schalke 04,Germany,6.0
1997,25,Juninho,Atlético Madrid,Brazil,5.0
1997,25,Paulo Sousa,Borussia Dortmund,Portugal,5.0
1997,25,Lilian Thuram,Parma,France,5.0
1997,28,Ryan Giggs,Manchester United,Wales,4.0
1997,29,Oliver Bierhoff,Udinese,Germany,3.0
1997,29,Angelo Peruzzi,Juventus,Italy,3.0
1997,29,Raí,Paris Saint-Germain,Brazil,3.0
1997,32,Victor Ikpeba,Monaco,Nigeria,2.0
1997,33,Laurent Blanc,Marseille,France,1.0
1997,33,Ciro Ferrara,Juventus,Italy,1.0
1997,33,Rivaldo,Barcelona,Brazil,1.0
1997,33,Bent Skammelsrud,Rosenborg,Norway,1.0
1998,1,Zinedine Zidane,Juventus,France,244.0
1998,2,Davor Šuker,Real Madrid,Croatia,68.0
1998,3,Ronaldo,Internazionale,Brazil,66.0
1998,4,Michael Owen,Liverpool,England,51.0
1998,5,Rivaldo,Barcelona,Brazil,45.0
1998,6,Gabriel Batistuta,Fiorentina,Argentina,43.0
1998,7,Lilian Thuram,Parma,France,36.0
1998,8,Edgar Davids,Juventus,Netherlands,28.0
1998,8,Dennis Bergkamp,Arsenal,Netherlands,28.0
1998,10,Marcel Desailly,Chelsea,France,19.0
1998,11,Frank de Boer,Ajax,Netherlands,17.0
1998,12,Emmanuel Petit,Arsenal,France,16.0
1998,13,Roberto Carlos,Real Madrid,Brazil,13.0
1998,14,Laurent Blanc,Marseille,France,11.0
1998,14,Fabien Barthez,Monaco,France,11.0
1998,16,Alessandro Del Piero,Juventus,Italy,10.0
1998,16,Predrag Mijatović,Real Madrid,Yugoslavia,10.0
1998,18,Didier Deschamps,Juventus,France,9.0
1998,18,Oliver Bierhoff,Milan,Germany,9.0
1998,20,Michael Laudrup,Ajax,Denmark,6.0
1998,21,Ronald de Boer,Ajax,Netherlands,4.0
1998,21,Raúl,Real Madrid,Spain,4.0
1998,23,Brian Laudrup,Chelsea,Denmark,3.0
1998,23,Clarence Seedorf,Real Madrid,Netherlands,3.0
1998,23,Marc Overmars,Arsenal,Netherlands,3.0
1998,26,Christian Vieri,Lazio,Italy,2.0
1998,26,Fernando Hierro,Real Madrid,Spain,2.0
1998,28,David Beckham,Manchester United,England,1.0
1998,28,Luis Enrique,Barcelona,Spain,1.0
1998,28,Bixente Lizarazu,Bayern Munich,France,1.0
1998,28,Nikos Machlas,Vitesse,Greece,1.0
1999,1,Rivaldo,Barcelona,Brazil,219.0
1999,2,David Beckham,Manchester United,England,154.0
1999,3,Andriy Shevchenko,Milan,Ukraine,64.0
1999,4,Gabriel Batistuta,Fiorentina,Argentina,48.0
1999,5,Luís Figo,Barcelona,Portugal,38.0
1999,6,Roy Keane,Manchester United,Republic of Ireland,36.0
1999,7,Christian Vieri,Lazio,Italy,33.0
1999,8,Juan Sebastián Verón,Lazio,Argentina,30.0
1999,9,Raúl,Real Madrid,Spain,27.0
1999,10,Lothar Matthäus,Bayern Munich,Germany,16.0
1999,11,Dwight Yorke,Manchester United,Trinidad and Tobago,14.0
1999,12,Jaap Stam,Manchester United,Netherlands,13.0
1999,13,Siniša Mihajlović,Lazio,FR Yugoslavia,12.0
1999,14,Zlatko Zahovič,Olympiacos,Slovenia,9.0
1999,15,Pavel Nedvěd,Lazio,Czech Republic,8.0
1999,16,Mário Jardel,Porto,Brazil,7.0
1999,17,Peter Schmeichel,Manchester United,Denmark,6.0
1999,18,Stefan Effenberg,Bayern Munich,Germany,5.0
1999,19,Zinedine Zidane,Juventus,France,4.0
1999,19,Oliver Bierhoff,Milan,Germany,4.0
1999,21,Mario Basler,Bayern Munich,Germany,3.0
1999,21,Ryan Giggs,Manchester United,Wales,3.0
1999,23,Hernán Crespo,Parma,Argentina,2.0
1999,23,Nwankwo Kanu,Arsenal,Nigeria,2.0
1999,23,Ronaldo,Internazionale,Brazil,2.0
1999,26,Andy Cole,Manchester United,England,1.0
1999,26,Edgar Davids,Juventus,Netherlands,1.0
1999,26,David Ginola,Tottenham Hotspur,France,1.0
1999,26,Claudio López,Valencia,Argentina,1.0
1999,26,Roberto Carlos,Real Madrid,Brazil,1.0
1999,26,Marcelo Salas,Lazio,Chile,1.0
2000,1,Luís Figo,Barcelona /  Real Madrid,Portugal,197.0
2000,2,Zinedine Zidane,Juventus,France,181.0
2000,3,Andriy Shevchenko,Milan,Ukraine,85.0
2000,4,Thierry Henry,Arsenal,France,57.0
2000,5,Alessandro Nesta,Lazio,Italy,39.0
2000,5,Rivaldo,Barcelona,Brazil,39.0
2000,7,Gabriel Batistuta,Roma,Argentina,26.0
2000,8,Gaizka Mendieta,Valencia,Spain,22.0
2000,9,Raúl,Real Madrid,Spain,18.0
2000,10,Paolo Maldini,Milan,Italy,10.0
2000,10,David Beckham,Manchester United,England,10.0
2000,12,Zlatko Zahovič,Olympiacos / Valencia,Slovenia,8.0
2000,12,Fabien Barthez,Manchester United,France,8.0
2000,14,Francesco Toldo,Fiorentina,Italy,7.0
2000,14,Francesco Totti,Roma,Italy,7.0
2000,14,Roberto Carlos,Real Madrid,Brazil,7.0
2000,17,Patrick Kluivert,Barcelona,Netherlands,6.0
2000,18,Edgar Davids,Juventus,Netherlands,5.0
2000,18,Hakan Şükür,Internazionale,Turkey,5.0
2000,18,Mário Jardel,Galatasaray,Brazil,5.0
2000,18,Fernando Redondo,Real Madrid /Milan,Argentina,5.0
2000,22,Pavel Nedvěd,Lazio,Czech Republic,4.0
2000,22,David Trezeguet,Juventus,France,4.0
2000,24,Marcel Desailly,Chelsea,France,2.0
2000,24,Oliver Kahn,Bayern Munich,Germany,2.0
2000,24,Rui Costa,Fiorentina,Portugal,2.0
2000,27,Laurent Blanc,Internazionale,France,1.0
2000,27,Claudio López,Valencia / Lazio,Argentina,1.0
2000,27,Roy Keane,Manchester United,Republic of Ireland,1.0
2000,27,Juan Sebastián Verón,Lazio,Argentina,1.0
2001,1,Michael Owen,Liverpool,England,176.0
2001,2,Raúl,Real Madrid,Spain,140.0
2001,3,Oliver Kahn,Bayern Munich,Germany,114.0
2001,4,David Beckham,Manchester United,England,102.0
2001,5,Francesco Totti,A.S. Roma,Italy,57.0
2001,6,Luís Figo,Real Madrid,Portugal,56.0
2001,7,Rivaldo,Barcelona,Brazil,20.0
2001,8,Andriy Shevchenko,Milan,Ukraine,18.0
2001,9,Thierry Henry,Arsenal,France,14.0
2001,9,Zinedine Zidane,Real Madrid,France,14.0
2001,11,Bixente Lizarazu,Bayern Munich,France,10.0
2001,12,David Trezeguet,Juventus,France,7.0
2001,13,Stefan Effenberg,Bayern Munich,Germany,6.0
2001,14,Henrik Larsson,Celtic,Sweden,4.0
2001,14,Alessandro Nesta,Lazio,Italy,4.0
2001,16,Juan Sebastián Verón,Lazio /  Manchester United,Argentina,3.0
2001,16,Hernán Crespo,Lazio,Argentina,3.0
2001,18,Giovane Élber,Bayern Munich,Brazil,2.0
2001,18,Gaizka Mendieta,Valencia / Lazio,Spain,2.0
2001,18,Roberto Carlos,Real Madrid,Brazil,2.0
2001,18,Damiano Tommasi,Roma,Italy,2.0
2001,18,Sami Hyypiä,Liverpool,Finland,2.0
2001,18,Emmanuel Olisadebe,Panathinaikos,Poland,2.0
2001,18,Ebbe Sand,Schalke 04,Denmark,2.0
2001,25,Roberto Baggio,Brescia,Italy,1.0
2001,25,Steven Gerrard,Liverpool,England,1.0
2001,25,Rui Costa,Milan,Portugal,1.0
2001,28,Sonny Anderson,Lyon,Brazil,0.0
2001,28,Fabien Barthez,Manchester United,France,0.0
2001,28,Gabriel Batistuta,Roma,Argentina,0.0
2001,28,Gianluigi Buffon,Parma / Juventus,Italy,0.0
2001,28,Cafu,Roma,Brazil,0.0
2001,28,Vincent Candela,Roma,France,0.0
2001,28,Alessandro Del Piero,Juventus,Italy,0.0
2001,28,Marcel Desailly,Chelsea,France,0.0
2001,28,Rio Ferdinand,Leeds United,England,0.0
2001,28,Ryan Giggs,Manchester United,Wales,0.0
2001,28,Jimmy Floyd Hasselbaink,Chelsea,Netherlands,0.0
2001,28,Iván Helguera,Real Madrid,Spain,0.0
2001,28,Harry Kewell,Leeds United,Australia,0.0
2001,28,Patrick Kluivert,Barcelona,Netherlands,0.0
2001,28,Samuel Kuffour,Bayern Munich,Ghana,0.0
2001,28,Hidetoshi Nakata,Roma / Parma,Japan,0.0
2001,28,Pavel Nedvěd,Lazio / Juventus,Czech Republic,0.0
2001,28,Pauleta,Bordeaux,Portugal,0.0
2001,28,Robert Pires,Arsenal,France,0.0
2001,28,Paul Scholes,Manchester United,England,0.0
2001,28,Lilian Thuram,Parma / Juventus,France,0.0
2001,28,Patrick Vieira,Arsenal,France,0.0
2001,28,Eric Carrière,Nantes,France,0.0
2002,1,Ronaldo,Internazionale /  Real Madrid,Brazil,169.0
2002,2,Roberto Carlos,Real Madrid,Brazil,145.0
2002,3,Oliver Kahn,Bayern Munich,Germany,110.0
2002,4,Zinedine Zidane,Real Madrid,France,78.0
2002,5,Michael Ballack,Bayer Leverkusen /  Bayern Munich,Germany,71.0
2002,6,Thierry Henry,Arsenal,France,54.0
2002,7,Raúl,Real Madrid,Spain,38.0
2002,8,Rivaldo,Barcelona / Milan,Brazil,31.0
2002,9,Yıldıray Baştürk,Bayer Leverkusen,Turkey,13.0
2002,10,Alessandro Del Piero,Juventus,Italy,12.0
2002,11,Hasan Şaş,Galatasaray,Turkey,10.0
2002,12,Ronaldinho,Paris Saint-Germain,Brazil,8.0
2002,13,Michael Owen,Liverpool,England,5.0
2002,13,Ruud van Nistelrooy,Manchester United,Netherlands,5.0
2002,15,Bernd Schneider,Bayer Leverkusen,Germany,4.0
2002,15,Juan Carlos Valerón,Deportivo La Coruña,Spain,4.0
2002,15,Cafu,Roma,Brazil,4.0
2002,15,Patrick Vieira,Arsenal,France,4.0
2002,19,Lúcio,Bayer Leverkusen,Brazil,3.0
2002,19,Luís Figo,Real Madrid,Portugal,3.0
2002,21,Papa Bouba Diop,Lens,Senegal,2.0
2002,21,El Hadji Diouf,Lens / Liverpool,Senegal,2.0
2002,21,Rio Ferdinand,Leeds United /  Manchester United,England,2.0
2002,24,Rubén Baraja,Valencia,Spain,1.0
2002,24,Filippo Inzaghi,Milan,Italy,1.0
2002,24,Roy Makaay,Deportivo La Coruña,Netherlands,1.0
2003,1,Pavel Nedvěd,Juventus,Czech Republic,190.0
2003,2,Thierry Henry,Arsenal,France,128.0
2003,3,Paolo Maldini,Milan,Italy,123.0
2003,4,Andriy Shevchenko,Milan,Ukraine,67.0
2003,5,Zinedine Zidane,Real Madrid,France,64.0
2003,6,Ruud van Nistelrooy,Manchester United,Netherlands,61.0
2003,7,Raúl,Real Madrid,Spain,32.0
2003,8,Roberto Carlos,Real Madrid,Brazil,27.0
2003,9,Gianluigi Buffon,Juventus,Italy,19.0
2003,10,David Beckham,Manchester United /  Real Madrid,England,17.0
2003,11,Ronaldo,Real Madrid,Brazil,11.0
2003,12,Henrik Larsson,Celtic,Sweden,6.0
2003,13,Alessandro Del Piero,Juventus,Italy,4.0
2003,13,Dida,Milan,Brazil,4.0
2003,13,Roy Makaay,Deportivo La Coruña /  Bayern Munich,Netherlands,4.0
2003,13,Alessandro Nesta,Milan,Italy,4.0
2003,13,Deco,Porto,Portugal,4.0
2003,18,Nihat Kahveci,Real Sociedad,Turkey,3.0
2003,18,Francesco Totti,Roma,Italy,3.0
2003,20,Michael Ballack,Bayern Munich,Germany,2.0
2003,20,Zlatan Ibrahimović,Ajax,Sweden,2.0
2003,22,Filippo Inzaghi,Milan,Italy,1.0
2003,22,Jan Koller,Borussia Dortmund,Czech Republic,1.0
2003,22,Adrian Mutu,Parma /  Chelsea,Romania,1.0
2003,22,Ronaldinho,Paris Saint-Germain /  Barcelona,Brazil,1.0
2003,22,Francesco Toldo,Internazionale,Italy,1.0
2004,1,Andriy Shevchenko,Milan,Ukraine,175.0
2004,2,Deco,Porto / Barcelona,Portugal,139.0
2004,3,Ronaldinho,Barcelona,Brazil,133.0
2004,4,Thierry Henry,Arsenal,France,80.0
2004,5,Theodoros Zagorakis,AEK Athens / Bologna,Greece,44.0
2004,6,Adriano,Parma / Internazionale,Brazil,27.0
2004,7,Pavel Nedvěd,Juventus,Czech Republic,23.0
2004,8,Wayne Rooney,Everton /  Manchester United,England,22.0
2004,9,Ricardo Carvalho,Porto / Chelsea,Portugal,18.0
2004,9,Ruud van Nistelrooy,Manchester United,Netherlands,18.0
2004,11,Angelos Charisteas,Werder Bremen,Greece,15.0
2004,12,Cristiano Ronaldo,Manchester United,Portugal,11.0
2004,12,Milan Baroš,Liverpool,Czech Republic,11.0
2004,14,Zlatan Ibrahimović,Ajax / Juventus,Sweden,8.0
2004,15,Samuel Eto'o,Mallorca / Barcelona,Cameroon,7.0
2004,15,Kaká,Milan,Brazil,7.0
2004,17,Traianos Dellas,Roma,Greece,5.0
2004,17,Fernando Morientes,Monaco /  Real Madrid,Spain,5.0
2004,17,Frank Lampard,Chelsea,England,5.0
2004,17,Didier Drogba,Marseille / Chelsea,Ivory Coast,5.0
2004,17,Gianluigi Buffon,Juventus,Italy,5.0
2004,22,Luís Figo,Real Madrid,Portugal,4.0
2004,23,Zinedine Zidane,Real Madrid,France,3.0
2004,24,Rubén Baraja,Valencia,Spain,2.0
2004,24,Ludovic Giuly,Monaco / Barcelona,France,2.0
2004,24,Maniche,Porto,Portugal,2.0
2004,24,Antonios Nikopolidis,Panathinaikos / Olympiacos,Greece,2.0
2004,28,Paolo Maldini,Milan,Italy,1.0
2004,28,Vicente,Valencia,Spain,1.0
2005,1,Ronaldinho,Barcelona,Brazil,225.0
2005,2,Frank Lampard,Chelsea,England,148.0
2005,3,Steven Gerrard,Liverpool,England,142.0
2005,4,Thierry Henry,Arsenal,France,41.0
2005,5,Andriy Shevchenko,Milan,Ukraine,33.0
2005,6,Paolo Maldini,Milan,Italy,23.0
2005,7,Adriano,Internazionale,Brazil,22.0
2005,8,Zlatan Ibrahimović,Juventus,Sweden,21.0
2005,9,Kaká,Milan,Brazil,19.0
2005,10,Samuel Eto'o,Barcelona,Cameroon,18.0
2005,10,John Terry,Chelsea,England,18.0
2005,12,Juninho,Lyon,Brazil,15.0
2005,13,Claude Makélélé,Chelsea,France,8.0
2005,14,Juan Román Riquelme,Villarreal,Argentina,7.0
2005,14,Petr Čech,Chelsea,Czech Republic,7.0
2005,14,Didier Drogba,Chelsea,Ivory Coast,7.0
2005,14,Michael Ballack,Bayern Munich,Germany,7.0
2005,18,Zinedine Zidane,Real Madrid,France,5.0
2005,19,Gianluigi Buffon,Juventus,Italy,4.0
2005,20,Jamie Carragher,Liverpool,England,3.0
2005,20,Cristiano Ronaldo,Manchester United,Portugal,3.0
2005,22,Michael Essien,Lyon / Chelsea,Ghana,2.0
2005,23,Luis García,Liverpool,Spain,1.0
2005,23,Pavel Nedvěd,Juventus,Czech Republic,1.0
2006,1,Fabio Cannavaro,Juventus,Italy,173.0
2006,2,Gianluigi Buffon,Juventus,Italy,124.0
2006,3,Thierry Henry,Arsenal,France,121.0
2006,4,Ronaldinho,Barcelona,Brazil,73.0
2006,5,Zinedine Zidane,Real Madrid,France,71.0
2006,6,Samuel Eto'o,Barcelona,Cameroon,67.0
2006,7,Miroslav Klose,Werder Bremen,Germany,29.0
2006,8,Didier Drogba,Chelsea,Côte d'Ivoire,25.0
2006,9,Andrea Pirlo,Milan,Italy,17.0
2006,10,Jens Lehmann,Arsenal,Germany,13.0
2006,11,Deco,Barcelona,Portugal,11.0
2006,11,Kaká,Milan,Brazil,11.0
2006,13,Franck Ribéry,Marseille,France,9.0
2006,14,Gennaro Gattuso,Milan,Italy,5.0
2006,14,Patrick Vieira,Juventus / Internazionale,France,5.0
2006,14,Cristiano Ronaldo,Manchester United F.C.,Portugal,5.0
2006,17,Frank Lampard,Chelsea,England,3.0
2006,17,Lukas Podolski,1. FC Köln / Bayern Munich,Germany,3.0
2006,17,Carles Puyol,Barcelona,Spain,3.0
2006,20,Juninho,Lyon,Brazil,2.0
2006,20,Lionel Messi,FC Barcelona,Argentina,2.0
2006,20,Luca Toni,Fiorentina,Italy,2.0
2006,20,John Terry,Chelsea,England,2.0
2006,20,Gianluca Zambrotta,Juventus / Barcelona,Italy,2.0
2006,25,Philipp Lahm,Bayern Munich,Germany,1.0
2006,25,David Villa,Valencia,Spain,1.0
2007,1,Kaká,Milan,Brazil,445.0
2007,2,Cristiano Ronaldo,Manchester United,Portugal,277.0
2007,3,Lionel Messi,Barcelona,Argentina,255.0
2007,4,Didier Drogba,Chelsea,Ivory Coast,108.0
2007,5,Andrea Pirlo,Milan,Italy,41.0
2007,6,Ruud van Nistelrooy,Real Madrid,Netherlands,39.0
2007,7,Zlatan Ibrahimović,Internazionale,Sweden,31.0
2007,8,Cesc Fàbregas,Arsenal,Spain,27.0
2007,9,Robinho,Real Madrid,Brazil,24.0
2007,10,Francesco Totti,Roma,Italy,20.0
2007,11,Frédéric Kanouté,Sevilla,Mali,19.0
2007,12,Ronaldinho,Barcelona,Brazil,18.0
2007,13,Steven Gerrard,Liverpool,England,17.0
2007,14,Juan Román Riquelme,Villarreal /  Boca Juniors,Argentina,15.0
2007,15,Dani Alves,Sevilla,Brazil,14.0
2007,16,Filippo Inzaghi,Milan,Italy,12.0
2007,17,Franck Ribéry,Marseille /  Bayern Munich,France,10.0
2007,18,Paolo Maldini,Milan,Italy,8.0
2007,19,Gianluigi Buffon,Juventus,Italy,7.0
2007,19,Petr Čech,Chelsea,Czech Republic,7.0
2007,19,Gennaro Gattuso,Milan,Italy,7.0
2007,19,Thierry Henry,Arsenal / Barcelona,France,7.0
2007,19,Clarence Seedorf,Milan,Netherlands,7.0
2007,24,Fabio Cannavaro,Real Madrid,Italy,5.0
2007,24,Michael Essien,Chelsea,Ghana,5.0
2007,26,Wayne Rooney,Manchester United,England,4.0
2007,27,Iker Casillas,Real Madrid,Spain,3.0
2007,27,Rogério Ceni,São Paulo,Brazil,3.0
2007,29,Younis Mahmoud,Al-Gharafa,Iraq,2.0
2007,30,Guillermo Ochoa,América,Mexico,1.0
2007,30,Dimitar Berbatov,Tottenham Hotspur,Bulgaria,1.0
2007,30,Samuel Eto'o,Barcelona,Cameroon,1.0
2007,30,Ryan Giggs,Manchester United,Wales,1.0
2007,30,Carlos Tevez,West Ham United /  Manchester United,Argentina,1.0
2007,30,Robin van Persie,Arsenal,Netherlands,1.0
2007,36,Eric Abidal,Lyon / Barcelona,France,0.0
2007,36,David Beckham,Real Madrid /  LA Galaxy,England,0.0
2007,36,Deco,Barcelona,Portugal,0.0
2007,36,Mahamadou Diarra,Real Madrid,Mali,0.0
2007,36,Diego,Werder Bremen,Brazil,0.0
2007,36,Miroslav Klose,Werder Bremen /  Bayern Munich,Germany,0.0
2007,36,Florent Malouda,Lyon / Chelsea,France,0.0
2007,36,Shunsuke Nakamura,Celtic,Japan,0.0
2007,36,Ricardo Quaresma,Porto,Portugal,0.0
2007,36,Raúl,Real Madrid,Spain,0.0
2007,36,Paul Scholes,Manchester United,England,0.0
2007,36,Luca Toni,Bayern Munich,Italy,0.0
2007,36,Kolo Touré,Arsenal,Ivory Coast,0.0
2007,36,Fernando Torres,Atlético Madrid / Liverpool,Spain,0.0
2007,36,David Villa,Valencia,Spain,0.0
2008,1,Cristiano Ronaldo,Manchester United,Portugal,446.0
2008,2,Lionel Messi,Barcelona,Argentina,281.0
2008,3,Fernando Torres,Liverpool,Spain,179.0
2008,4,Iker Casillas,Real Madrid,Spain,133.0
2008,5,Xavi,Barcelona,Spain,97.0
2008,6,Andrey Arshavin,Zenit Saint Petersburg,Russia,64.0
2008,7,David Villa,Valencia,Spain,55.0
2008,8,Zlatan Ibrahimović,Internazionale,Sweden,30.0
2008,9,Kaká,Milan,Brazil,29.0
2008,10,Steven Gerrard,Liverpool,England,28.0
2008,11,Marcos Senna,Villarreal,Spain,16.0
2008,12,Emmanuel Adebayor,Arsenal,Togo,12.0
2008,13,Wayne Rooney,Manchester United,England,11.0
2008,14,Sergio Agüero,Atlético Madrid,Argentina,10.0
2008,15,Frank Lampard,Chelsea,England,8.0
2008,16,Franck Ribéry,Bayern Munich,France,7.0
2008,17,Samuel Eto'o,Barcelona,Cameroon,6.0
2008,18,Gianluigi Buffon,Juventus,Italy,5.0
2008,19,Michael Ballack,Chelsea,Germany,4.0
2008,19,Cesc Fàbregas,Arsenal,Spain,4.0
2008,21,Didier Drogba,Chelsea,Ivory Coast,3.0
2008,21,Sergio Ramos,Real Madrid,Spain,3.0
2008,21,Nemanja Vidić,Manchester United,Serbia,3.0
2008,24,Edwin van der Sar,Manchester United,Netherlands,2.0
2008,24,Ruud van Nistelrooy,Real Madrid,Netherlands,2.0
2008,26,Karim Benzema,Lyon,France,0.0
2008,26,Pepe,Real Madrid,Portugal,0.0
2008,26,Luca Toni,Bayern Munich,Italy,0.0
2008,26,Rafael van der Vaart,Real Madrid,Netherlands,0.0
2008,26,Yuri Zhirkov,CSKA Moscow,Russia,0.0
2009,1,Lionel Messi,Barcelona,Argentina,473.0
2009,2,Cristiano Ronaldo,Manchester United /  Real Madrid,Portugal,233.0
2009,3,Xavi,Barcelona,Spain,170.0
2009,4,Andrés Iniesta,Barcelona,Spain,149.0
2009,5,Samuel Eto'o,Barcelona /  Internazionale,Cameroon,75.0
2009,6,Kaká,Milan /  Real Madrid,Brazil,58.0
2009,7,Zlatan Ibrahimović,Internazionale / Barcelona,Sweden,50.0
2009,8,Wayne Rooney,Manchester United,England,35.0
2009,9,Didier Drogba,Chelsea,Ivory Coast,33.0
2009,10,Steven Gerrard,Liverpool,England,32.0
2009,11,Fernando Torres,Liverpool,Spain,22.0
2009,12,Cesc Fàbregas,Arsenal,Spain,13.0
2009,13,Edin Džeko,Wolfsburg,Bosnia and Herzegovina,12.0
2009,14,Ryan Giggs,Manchester United,Wales,11.0
2009,15,Thierry Henry,Barcelona,France,9.0
2009,16,Luís Fabiano,Sevilla,Brazil,8.0
2009,16,Nemanja Vidić,Manchester United,Serbia,8.0
2009,16,Iker Casillas,Real Madrid,Spain,8.0
2009,19,Diego Forlán,Atlético Madrid,Uruguay,7.0
2009,20,Yoann Gourcuff,Bordeaux,France,6.0
2009,21,Andrey Arshavin,Arsenal,Russia,5.0
2009,21,Júlio César,Internazionale,Brazil,5.0
2009,21,Frank Lampard,Chelsea,England,5.0
2009,24,Maicon,Internazionale,Brazil,4.0
2009,25,Diego,Werder Bremen / Juventus,Brazil,3.0
2009,26,David Villa,Valencia,Spain,2.0
2009,26,John Terry,Chelsea,England,2.0
2009,28,Franck Ribéry,Bayern Munich,France,1.0
2009,28,Yaya Touré,Barcelona,Ivory Coast,1.0
2009,28,Karim Benzema,Lyon /  Real Madrid,France,1.0
2010,1,Lionel Messi,Barcelona,Argentina,22.65
2010,2,Andrés Iniesta,Barcelona,Spain,17.36
2010,3,Xavi,Barcelona,Spain,16.48
2010,4,Wesley Sneijder,Internazionale,Netherlands,14.48
2010,5,Diego Forlán,Atlético Madrid,Uruguay,7.61
2010,6,Cristiano Ronaldo,Real Madrid,Portugal,3.92
2010,7,Iker Casillas,Real Madrid,Spain,2.9
2010,8,David Villa,Valencia / Barcelona,Spain,2.25
2010,9,Didier Drogba,Chelsea,Ivory Coast,1.68
2010,10,Xabi Alonso,Real Madrid,Spain,1.52
2010,11,Carles Puyol,Barcelona,Spain,1.43
2010,12,Samuel Eto'o,Internazionale,Cameroon,1.37
2010,13,Mesut Özil,Real Madrid,Germany,1.21
2010,14,Arjen Robben,Bayern Munich,Netherlands,1.16
2010,15,Thomas Müller,Bayern Munich,Germany,0.91
2010,16,Bastian Schweinsteiger,Bayern Munich,Germany,0.75
2010,17,Maicon,Internazionale,Brazil,0.57
2010,18,Asamoah Gyan,Sunderland,Ghana,0.46
2010,19,Júlio César,Internazionale,Brazil,0.22
2010,19,Cesc Fàbregas,Arsenal,Spain,0.22
2010,21,Miroslav Klose,Bayern Munich,Germany,0.19
2010,22,Philipp Lahm,Bayern Munich,Germany,0.05
2010,22,Dani Alves,Barcelona,Brazil,0.05
2011,1,Lionel Messi,Barcelona,Argentina,47.88
2011,2,Cristiano Ronaldo,Real Madrid,Portugal,21.6
2011,3,Xavi,Barcelona,Spain,9.23
2011,4,Andrés Iniesta,Barcelona,Spain,6.01
2011,5,Wayne Rooney,Manchester United,England,2.31
2011,6,Luis Suárez,Ajax / Liverpool,Uruguay,1.48
2011,7,Diego Forlán,Atlético Madrid / Internazionale,Uruguay,1.43
2011,8,Samuel Eto'o,Internazionale /  Anzhi Makhachkala,Cameroon,1.34
2011,9,Iker Casillas,Real Madrid,Spain,1.29
2011,10,Neymar,Santos,Brazil,1.12
2011,11,Mesut Özil,Real Madrid,Germany,0.76
2011,12,Wesley Sneijder,Internazionale,Netherlands,0.72
2011,13,Thomas Müller,Bayern Munich,Germany,0.64
2011,14,David Villa,Barcelona,Spain,0.53
2011,15,Bastian Schweinsteiger,Bayern Munich,Germany,0.5
2011,16,Xabi Alonso,Real Madrid,Spain,0.48
2011,16,Sergio Agüero,Atlético Madrid,Argentina,0.48
2011,18,Eric Abidal,Barcelona,France,0.36
2011,19,Dani Alves,Barcelona,Brazil,0.34
2011,19,Karim Benzema,Real Madrid,France,0.34
2011,21,Cesc Fàbregas,Arsenal / Barcelona,Spain,0.29
2011,22,Nani,Manchester United,Portugal,0.26
2011,23,Gerard Piqué,Barcelona,Spain,0.22
2012,1,Lionel Messi,Barcelona,Argentina,41.6
2012,2,Cristiano Ronaldo,Real Madrid,Portugal,23.68
2012,3,Andrés Iniesta,Barcelona,Spain,10.91
2012,4,Xavi,Barcelona,Spain,4.08
2012,5,Radamel Falcao,Atlético Madrid,Colombia,3.67
2012,6,Iker Casillas,Real Madrid,Spain,3.18
2012,7,Andrea Pirlo,Juventus,Italy,2.66
2012,8,Didier Drogba,Chelsea /  Shanghai Shenhua,Ivory Coast,2.6
2012,9,Robin van Persie,Arsenal /  Manchester United,Netherlands,1.45
2012,10,Zlatan Ibrahimović,Milan /  Paris Saint-Germain,Sweden,1.24
2012,11,Xabi Alonso,Real Madrid,Spain,1.09
2012,12,Yaya Touré,Manchester City,Ivory Coast,0.76
2012,13,Neymar,Santos,Brazil,0.61
2012,14,Mesut Özil,Real Madrid,Germany,0.41
2012,15,Wayne Rooney,Manchester United,England,0.39
2012,16,Gianluigi Buffon,Juventus,Italy,0.35
2012,17,Sergio Agüero,Manchester City,Argentina,0.3
2012,18,Sergio Ramos,Real Madrid,Spain,0.22
2012,19,Manuel Neuer,Bayern Munich,Germany,0.21
2012,20,Sergio Busquets,Barcelona,Spain,0.2
2012,21,Gerard Piqué,Barcelona,Spain,0.11
2012,21,Karim Benzema,Real Madrid,France,0.11
2012,23,Mario Balotelli,Manchester City,Italy,0.07
2013,1,Cristiano Ronaldo,Real Madrid,Portugal,27.99
2013,2,Lionel Messi,Barcelona,Argentina,24.72
2013,3,Franck Ribéry,Bayern Munich,France,23.36
2013,4,Zlatan Ibrahimović,Paris Saint-Germain,Sweden,5.29
2013,5,Neymar,Santos / Barcelona,Brazil,3.17
2013,6,Andrés Iniesta,Barcelona,Spain,2.08
2013,7,Robin van Persie,Manchester United,Netherlands,1.79
2013,8,Arjen Robben,Bayern Munich,Netherlands,1.77
2013,9,Gareth Bale,Tottenham Hotspur /  Real Madrid,Wales,1.32
2013,10,Andrea Pirlo,Juventus,Italy,1.11
2013,11,Radamel Falcao,Atlético Madrid / Monaco,Colombia,1.08
2013,12,Yaya Touré,Manchester City,Ivory Coast,0.99
2013,13,Robert Lewandowski,Borussia Dortmund,Poland,0.92
2013,14,Philipp Lahm,Bayern Munich,Germany,0.82
2013,14,Xavi,Barcelona,Spain,0.82
2013,16,Mesut Özil,Real Madrid / Arsenal,Germany,0.71
2013,17,Bastian Schweinsteiger,Bayern Munich,Germany,0.43
2013,17,Thomas Müller,Bayern Munich,Germany,0.43
2013,19,Luis Suárez,Liverpool,Uruguay,0.39
2013,20,Edinson Cavani,Napoli /  Paris Saint-Germain,Uruguay,0.36
2013,21,Thiago Silva,Paris Saint-Germain,Brazil,0.24
2013,22,Eden Hazard,Chelsea,Belgium,0.16
2013,23,Manuel Neuer,Bayern Munich,Germany,0.08
2014,1,Cristiano Ronaldo,Real Madrid,Portugal,37.66
2014,2,Lionel Messi,Barcelona,Argentina,15.76
2014,3,Manuel Neuer,Bayern Munich,Germany,15.72
2014,4,Arjen Robben,Bayern Munich,Netherlands,7.17
2014,5,Thomas Müller,Bayern Munich,Germany,5.42
2014,6,Philipp Lahm,Bayern Munich,Germany,2.9
2014,7,Neymar,Barcelona,Brazil,2.21
2014,8,James Rodríguez,Monaco /  Real Madrid,Colombia,1.47
2014,9,Toni Kroos,Bayern Munich /  Real Madrid,Germany,1.43
2014,10,Ángel Di María,Real Madrid /  Manchester United,Argentina,1.29
2014,11,Diego Costa,Atlético Madrid /  Chelsea,Spain,1.02
2014,12,Gareth Bale,Real Madrid,Wales,1.0
2014,12,Zlatan Ibrahimović,Paris Saint-Germain,Sweden,1.0
2014,14,Yaya Touré,Manchester City,Ivory Coast,0.86
2014,15,Mario Götze,Bayern Munich,Germany,0.84
2014,16,Karim Benzema,Real Madrid,France,0.75
2014,17,Andrés Iniesta,Barcelona,Spain,0.67
2014,18,Bastian Schweinsteiger,Bayern Munich,Germany,0.57
2014,19,Javier Mascherano,Barcelona,Argentina,0.55
2014,20,Thibaut Courtois,Atlético Madrid / Chelsea,Belgium,0.51
2014,21,David Luiz,Chelsea,Brazil,0.47
2014,22,Paul Pogba,Juventus,France,0.4
2014,23,Sergio Ramos,Real Madrid,Spain,0.33
2015,1,Lionel Messi,Barcelona,Argentina,41.33
2015,2,Cristiano Ronaldo,Real Madrid,Portugal,27.76
2015,3,Neymar,Barcelona,Brazil,7.86
2015,4,Robert Lewandowski,Bayern Munich,Poland,4.17
2015,5,Luis Suárez,Barcelona,Uruguay,3.38
2015,6,Thomas Müller,Bayern Munich,Germany,2.21
2015,7,Manuel Neuer,Bayern Munich,Germany,1.97
2015,8,Eden Hazard,Chelsea,Belgium,1.33
2015,9,Andrés Iniesta,Barcelona,Spain,1.24
2015,10,Alexis Sánchez,Arsenal,Chile,1.18
2015,11,Zlatan Ibrahimović,Paris Saint-Germain,Sweden,1.13
2015,12,Yaya Touré,Manchester City,Ivory Coast,0.89
2015,13,Sergio Agüero,Manchester City,Argentina,0.86
2015,14,Javier Mascherano,Barcelona,Argentina,0.79
2015,15,Paul Pogba,Juventus,France,0.72
2015,16,Gareth Bale,Real Madrid,Wales,0.65
2015,17,Arturo Vidal,Juventus /  Bayern Munich,Chile,0.58
2015,18,Kevin De Bruyne,VfL Wolfsburg /  Manchester City,Belgium,0.47
2015,19,James Rodríguez,Real Madrid,Colombia,0.45
2015,20,Karim Benzema,Real Madrid,France,0.4
2015,21,Toni Kroos,Real Madrid,Germany,0.2931
2015,22,Arjen Robben,Bayern Munich,Netherlands,0.293
2015,23,Ivan Rakitić,Barcelona,Croatia,0.05
2016,1,Cristiano Ronaldo,Real Madrid,Portugal,745.0
2016,2,Lionel Messi,Barcelona,Argentina,316.0
2016,3,Antoine Griezmann,Atlético Madrid,France,198.0
2016,4,Luis Suárez,Barcelona,Uruguay,91.0
2016,5,Neymar,Barcelona,Brazil,68.0
2016,6,Gareth Bale,Real Madrid,Wales,60.0
2016,7,Riyad Mahrez,Leicester City,Algeria,20.0
2016,8,Jamie Vardy,Leicester City,England,11.0
2016,9,Gianluigi Buffon,Juventus,Italy,8.0
2016,9,Pepe,Real Madrid,Portugal,8.0
2016,11,Pierre-Emerick Aubameyang,Borussia Dortmund,Gabon,7.0
2016,12,Rui Patrício,Sporting CP,Portugal,6.0
2016,13,Zlatan Ibrahimović,Paris Saint-Germain /  Manchester United,Sweden,5.0
2016,14,Paul Pogba,Juventus /  Manchester United,France,4.0
2016,14,Arturo Vidal,Bayern Munich,Chile,4.0
2016,16,Robert Lewandowski,Bayern Munich,Poland,3.0
2016,17,Toni Kroos,Real Madrid,Germany,1.0
2016,17,Luka Modrić,Real Madrid,Croatia,1.0
2016,17,Dimitri Payet,West Ham United,France,1.0
2016,20,Sergio Agüero,Manchester City,Argentina,0.0
2016,20,Kevin De Bruyne,Manchester City,Belgium,0.0
2016,20,Paulo Dybala,Juventus,Argentina,0.0
2016,20,Diego Godín,Atlético Madrid,Uruguay,0.0
2016,20,Gonzalo Higuaín,Napoli / Juventus,Argentina,0.0
2016,20,Andrés Iniesta,Barcelona,Spain,0.0
2016,20,Koke,Atlético Madrid,Spain,0.0
2016,20,Hugo Lloris,Tottenham Hotspur,France,0.0
2016,20,Thomas Müller,Bayern Munich,Germany,0.0
2016,20,Manuel Neuer,Bayern Munich,Germany,0.0
2016,20,Sergio Ramos,Real Madrid,Spain,0.0
2017,1,Cristiano Ronaldo,Real Madrid,Portugal,946.0
2017,2,Lionel Messi,Barcelona,Argentina,670.0
2017,3,Neymar,Barcelona /  Paris Saint-Germain,Brazil,361.0
2017,4,Gianluigi Buffon,Juventus,Italy,221.0
2017,5,Luka Modrić,Real Madrid,Croatia,84.0
2017,6,Sergio Ramos,Real Madrid,Spain,71.0
2017,7,Kylian Mbappé,Monaco /  Paris Saint-Germain,France,48.0
2017,8,N'Golo Kanté,Chelsea,France,47.0
2017,9,Robert Lewandowski,Bayern Munich,Poland,45.0
2017,10,Harry Kane,Tottenham Hotspur,England,36.0
2017,11,Edinson Cavani,Paris Saint-Germain,Uruguay,32.0
2017,12,Isco,Real Madrid,Spain,28.0
2017,13,Luis Suárez,Barcelona,Uruguay,27.0
2017,14,Kevin De Bruyne,Manchester City,Belgium,25.0
2017,15,Paulo Dybala,Juventus,Argentina,23.0
2017,16,Marcelo,Real Madrid,Brazil,21.0
2017,17,Toni Kroos,Real Madrid,Germany,20.0
2017,18,Antoine Griezmann,Atlético Madrid,France,17.0
2017,19,Eden Hazard,Chelsea,Belgium,16.0
2017,20,David de Gea,Manchester United,Spain,15.0
2017,21,Pierre-Emerick Aubameyang,Borussia Dortmund,Gabon,14.0
2017,21,Leonardo Bonucci,Juventus / Milan,Italy,14.0
2017,23,Sadio Mané,Liverpool,Senegal,10.0
2017,24,Radamel Falcao,Monaco,Colombia,9.0
2017,25,Karim Benzema,Real Madrid,France,7.0
2017,26,Jan Oblak,Atlético Madrid,Slovenia,4.0
2017,27,Mats Hummels,Bayern Munich,Germany,3.0
2017,28,Edin Džeko,Roma,Bosnia and Herzegovina,2.0
2017,29,Philippe Coutinho,Liverpool,Brazil,0.0
2017,29,Dries Mertens,Napoli,Italy,0.0
2018,1,Luka Modrić,Real Madrid,Croatia,753.0
2018,2,Cristiano Ronaldo,Real Madrid /  Juventus,Portugal,478.0
2018,3,Antoine Griezmann,Atlético Madrid,France,414.0
2018,4,Kylian Mbappé,Paris Saint-Germain,France,347.0
2018,5,Lionel Messi,Barcelona,Argentina,280.0
2018,6,Mohamed Salah,Liverpool,Egypt,188.0
2018,7,Raphaël Varane,Real Madrid,France,121.0
2018,8,Eden Hazard,Chelsea,Belgium,119.0
2018,9,Kevin De Bruyne,Manchester City,Belgium,29.0
2018,10,Harry Kane,Tottenham Hotspur,England,25.0
2018,11,N'Golo Kanté,Chelsea,France,24.0
2018,12,Neymar,Paris Saint-Germain,Brazil,19.0
2018,13,Luis Suárez,Barcelona,Uruguay,17.0
2018,14,Thibaut Courtois,Chelsea /  Real Madrid,Belgium,12.0
2018,15,Paul Pogba,Manchester United,France,9.0
2018,16,Sergio Agüero,Manchester City,Argentina,7.0
2018,17,Gareth Bale,Real Madrid,Wales,6.0
2018,17,Karim Benzema,Real Madrid,France,6.0
2018,19,Roberto Firmino,Liverpool,Brazil,4.0
2018,19,Ivan Rakitić,Barcelona,Croatia,4.0
2018,19,Sergio Ramos,Real Madrid,Spain,4.0
2018,22,Edinson Cavani,Paris Saint-Germain,Uruguay,3.0
2018,22,Sadio Mané,Liverpool,Senegal,3.0
2018,22,Marcelo,Real Madrid,Brazil,3.0
2018,25,Alisson,Roma / Liverpool,Brazil,2.0
2018,25,Mario Mandžukić,Juventus,Croatia,2.0
2018,25,Jan Oblak,Atlético Madrid,Slovenia,2.0
2018,28,Diego Godín,Atlético Madrid,Uruguay,1.0
2018,29,Isco,Real Madrid,Spain,0.0
2018,29,Hugo Lloris,Tottenham Hotspur,France,0.0
2019,1,Lionel Messi,Barcelona,Argentina,686.0
2019,2,Virgil Van Dijk,Liverpool,Netherlands,679.0
2019,3,Cristiano Ronaldo,Juventus,Portugal,476.0
2019,4,Sadio Mané,Liverpool,Senegal,347.0
2019,5,Mohamed Salah,Liverpool,Egypt,178.0
2019,6,Kylian Mbappé,Paris Saint-Germain,France,89.0
2019,7,Alisson,Liverpool,Brazil,67.0
2019,8,Robert Lewandowski,Bayern Munich,Poland,44.0
2019,9,Bernardo Silva,Manchester City,Portugal,41.0
2019,10,Riyad Mahrez,Manchester City,Algeria,33.0
2019,11,Frenkie de Jong,Ajax / Barcelona,Netherlands,31.0
2019,12,Raheem Sterling,Manchester City,England,30.0
2019,13,Eden Hazard,Chelsea / Real Madrid,Belgium,25.0
2019,14,Kevin De Bruyne,Manchester City,Belgium,14.0
2019,15,Matthijs de Ligt,Ajax / Juventus,Netherlands,13.0
2019,16,Sergio Agüero,Manchester City,Argentina,12.0
2019,17,Roberto Firmino,Liverpool,Brazil,11.0
2019,18,Antoine Griezmann,Atlético Madrid / Barcelona,France,9.0
2019,19,Trent Alexander-Arnold,Liverpool,England,8.0
2019,20,Pierre-Emerick Aubameyang,Arsenal,Gabon,5.0
2019,20,Dušan Tadić,Ajax,Serbia,5.0
2019,22,Son Heung-min,Tottenham Hotspur,South Korea,4.0
2019,23,France Hugo Lloris,Tottenham Hotspur,France,3.0
2019,24,Kalidou Koulibaly,Napoli,Senegal,2.0
2019,24,Marc-André ter Stegen,Barcelona,Germany,2.0
2019,26,Karim Benzema,Real Madrid,France,1.0
2019,26,Georginio Wijnaldum,Liverpool,Netherlands,1.0
2019,28,João Félix,Benfica / Atlético Madrid,Portugal,0.0
2019,28,Marquinhos,Paris Saint-Germain,Brazil,0.0
2019,28,Donny van de Beek,Ajax,Netherlands,0.0
2021,1,Lionel Messi,Paris Saint-Germain,Argentina,613.0
2021,2,Robert Lewandowski,Bayern Munich,Poland,580.0
2021,3,Jorginho,Chelsea,Italy,460.0
2021,4,Karim Benzema,Real Madrid,France,239.0
2021,5,N'Golo Kanté,Chelsea,France,186.0
2021,6,Cristiano Ronaldo,"Juventus, Manchester United",Portugal,178.0
2021,7,Mohamed Salah,Liverpool,Egypt,121.0
2021,8,Kevin De Bruyne,Manchester City,Belgium,73.0
2021,9,Kylian Mbappé,Paris Saint-Germain,France,58.0
2021,10,Gianluigi Donnarumma,"Milan, Paris Saint-Germain",Italy,36.0
2021,11,Erling Haaland,Borussia Dortmund,Norway,33.0
2021,12,Romelu Lukaku,"Inter Milan, Chelsea",Belgium,26.0
2021,12,Giorgio Chiellini,Juventus,Italy,26.0
2021,14,Leonardo Bonucci,Juventus,Italy,18.0
2021,15,Raheem Sterling,Manchester City,England,10.0
2021,16,Neymar,Paris Saint-Germain,Brazil,9.0
2021,17,Luis Suárez,Atlético Madrid,Uruguay,8.0
2021,17,Simon Kjær,Milan,Denmark,8.0
2021,19,Mason Mount,Chelsea,England,7.0
2021,19,Riyad Mahrez,Manchester City,Algeria,7.0
2021,21,Bruno Fernandes,Manchester United,Portugal,6.0
2021,21,Lautaro Martínez,Inter Milan,Argentina,6.0
2021,23,Harry Kane,Tottenham Hotspur,England,4.0
2021,24,Pedri,Barcelona,Spain,3.0
2021,25,Phil Foden,Manchester City,England,2.0
2021,26,Gerard Moreno,Villarreal,Spain,1.0
2021,26,Nicolò Barella,Inter Milan,Italy,1.0
2021,26,Rúben Dias,Manchester City,Portugal,1.0
2021,29,Luka Modrić,Real Madrid,Croatia,0.0
2021,29,Cesar Azpilicueta,Chelsea,Spain,0.0
2022,1,Karim Benzema,Real Madrid,France,549.0
2022,2,Sadio Mane,"Liverpool /
          Bayern Munich",Senegal,193.0
2022,3,Kevin De Bruyne,Man City,Belgium,175.0
2022,4,Robert Lewandowski,"Bayern Munich /
          Barcelona",Poland,170.0
2022,5,Mohamed Salah,Liverpool,Egypt,116.0
2022,6,Kylian Mbappe,PSG,France,85.0
2022,7,Thibaut Courtois,Real Madrid,Belgium,82.0
2022,8,Vinicius Jr.,Real Madrid,Brazil,61.0
2022,9,Luka Modric,Real Madrid,Croatia,20.0
2022,10,Erling Haaland,Man City,Norway,18.0
2022,11,Son Heung-min,Tottenham,South Korea,5.0
2022,12,Riyad Mahrez,Man City,Algeria,4.0
2022,13,Sebastien Haller,"Ajax /
          B. Dortmund",Ivory Coast,2.0
2022,13,Fabinho,Liverpool,Brazil,2.0
2022,13,Rafael Leao,AC Milan,Portugal,2.0
2022,16,Virgil van Dijk,Liverpool,Netherlands,1.0
2022,16,Casemiro,"Real Madrid /
          Man United",Brazil,1.0
2022,16,Dusan Vlahovic,"Fiorentina /
          Juventus",Serbia,1.0
2022,16,Luis Diaz,"Porto /
          Liverpool",Colombia,1.0
2022,20,Cristiano Ronaldo,Man United,Portugal,0.0
2022,20,Harry Kane,Tottenham,England,0.0
2022,20,Trent Alexander-Arnold,Liverpool,England,0.0
2022,20,Phil Foden,Man City,England,0.0
2022,20,Bernardo Silva,Man City,Portugal,0.0
2022,20,Joshua Kimmich,Bayern Munich,Germany,0.0
2022,20,Mike Maignan,AC Milan,France,0.0
2022,20,Antonio Rudiger,"Chelsea /
          Real Madrid",Germany,0.0
2022,20,Joao Cancelo,Man City,Portugal,0.0
2022,20,Christopher Nkunku,RB Leipzig,France,0.0
2022,20,Darwin Nunez,"Benfica /
          Liverpool",Uruguay,0.0
2023,1,Lionel Messi,PSG,Argentina,462.0
2023,2,Erling Haaland,Man City,Norway,357.0
2023,3,Kylian Mbappe,PSG,France,270.0
2023,4,Kevin de Bruyne,Man City,Belgium,100.0
2023,5,Rodri,Man City,Spain,57.0
2023,6,Vinicius Jr,Real Madrid,Brazil,49.0
2023,7,Julian Alvarez,Man City,Argentina,28.0
2023,8,Victor Osimhen,Napoli,Nigeria,24.0
2023,9,Bernardo Silva,Man City,Portugal,20.0
2023,10,Luka Modric,Real Madrid,Croatia,19.0
2023,11,Mohamed Salah,Liverpool,Egypt,13.0
2023,12,Robert Lewandowski,Barcelona,Poland,12.0
2023,13,Yassine Bounou,Sevilla,Morocco,10.0
2023,14,Ilkay Gundogan,Man City / Barcelona,Germany,8.0
2023,15,Emiliano Martinez,Aston Villa,Argentina,7.0
2023,16,Karim Benzema,Real Madrid,France,6.0
2023,16,Khvicha Kvaratskhelia,Napoli,Georgia,6.0
2023,18,Jude Bellingham,Borussia Dortmund / Real Madrid,England,5.0
2023,19,Harry Kane,Tottenham / Bayern Munich,England,4.0
2023,19,Lautaro Martinez,Inter Milan,Argentina,4.0
2023,19,Antoine Griezmann,Atletico Madrid,France,4.0
2023,22,Kim Min-Jae,Napoli / Bayern Munich,South Korea,3.0
2023,23,Andre Onana,Man United,Cameroon,2.0
2023,24,Bukayo Saka,Arsenal,England,1.0
2023,24,Josko Gvardiol,RB Leipzig / Man City,Croatia,1.0
2023,26,Jamal Musiala,Bayern Munich,Germany,0.0
2023,26,Nicolo Barella,Inter Milan,Italy,0.0
2023,26,Randal Kolo Muani,Eintracht Frankfurt / PSG,France,0.0
2023,26,Martin Odegaard,Arsenal,Norway,0.0
2023,26,Ruben Dias,Man City,Portugal,0.0
